theta_geo_deg,longitude_east_deg,latitude_geocentric_deg,Br_uT,weight_sr
175.76058712,0,-85.7605871204,47.4198849466,0.00068905042638
175.76058712,5.625,-85.7605871204,47.5507264419,0.00068905042638
175.76058712,11.25,-85.7605871204,47.7179650223,0.00068905042638
175.76058712,16.875,-85.7605871204,47.9204976508,0.00068905042638
175.76058712,22.5,-85.7605871204,48.1568126405,0.00068905042638
175.76058712,28.125,-85.7605871204,48.4249809008,0.00068905042638
175.76058712,33.75,-85.7605871204,48.7226552599,0.00068905042638
175.76058712,39.375,-85.7605871204,49.0470790531,0.00068905042638
175.76058712,45,-85.7605871204,49.3951047739,0.00068905042638
175.76058712,50.625,-85.7605871204,49.7632231284,0.00068905042638
175.76058712,56.25,-85.7605871204,50.1476023585,0.00068905042638
175.76058712,61.875,-85.7605871204,50.5441372227,0.00068905042638
175.76058712,67.5,-85.7605871204,50.9485065709,0.00068905042638
175.76058712,73.125,-85.7605871204,51.3562380507,0.00068905042638
175.76058712,78.75,-85.7605871204,51.7627781435,0.00068905042638
175.76058712,84.375,-85.7605871204,52.1635654748,0.00068905042638
175.76058712,90,-85.7605871204,52.5541051734,0.00068905042638
175.76058712,95.625,-85.7605871204,52.9300419936,0.00068905042638
175.76058712,101.25,-85.7605871204,53.2872299478,0.00068905042638
175.76058712,106.875,-85.7605871204,53.6217963464,0.00068905042638
175.76058712,112.5,-85.7605871204,53.9301983851,0.00068905042638
175.76058712,118.125,-85.7605871204,54.2092707614,0.00068905042638
175.76058712,123.75,-85.7605871204,54.456263214,0.00068905042638
175.76058712,129.375,-85.7605871204,54.6688673473,0.00068905042638
175.76058712,135,-85.7605871204,54.8452325935,0.00068905042638
175.76058712,140.625,-85.7605871204,54.983971651,0.00068905042638
175.76058712,146.25,-85.7605871204,55.0841561854,0.00068905042638
175.76058712,151.875,-85.7605871204,55.1453039626,0.00068905042638
175.76058712,157.5,-85.7605871204,55.1673588743,0.00068905042638
175.76058712,163.125,-85.7605871204,55.1506655062,0.00068905042638
175.76058712,168.75,-85.7605871204,55.0959399669,0.00068905042638
175.76058712,174.375,-85.7605871204,55.0042386539,0.00068905042638
175.76058712,180,-85.7605871204,54.8769264876,0.00068905042638
175.76058712,185.625,-85.7605871204,54.7156459004,0.00068905042638
175.76058712,191.25,-85.7605871204,54.5222875653,0.00068905042638
175.76058712,196.875,-85.7605871204,54.2989635006,0.00068905042638
175.76058712,202.5,-85.7605871204,54.047982826,0.00068905042638
175.76058712,208.125,-85.7605871204,53.7718301018,0.00068905042638
175.76058712,213.75,-85.7605871204,53.4731458831,0.00068905042638
175.76058712,219.375,-85.7605871204,53.1547088904,0.00068905042638
175.76058712,225,-85.7605871204,52.8194190519,0.00068905042638
175.76058712,230.625,-85.7605871204,52.470280626,0.00068905042638
175.76058712,236.25,-85.7605871204,52.1103846679,0.00068905042638
175.76058712,241.875,-85.7605871204,51.742890249,0.00068905042638
175.76058712,247.5,-85.7605871204,51.3710040632,0.00068905042638
175.76058712,253.125,-85.7605871204,50.9979583241,0.00068905042638
175.76058712,258.75,-85.7605871204,50.6269871474,0.00068905042638
175.76058712,264.375,-85.7605871204,50.2613018792,0.00068905042638
175.76058712,270,-85.7605871204,49.9040660381,0.00068905042638
175.76058712,275.625,-85.7605871204,49.5583706634,0.00068905042638
175.76058712,281.25,-85.7605871204,49.22721087,0.00068905042638
175.76058712,286.875,-85.7605871204,48.91346431,0.00068905042638
175.76058712,292.5,-85.7605871204,48.6198720313,0.00068905042638
175.76058712,298.125,-85.7605871204,48.3490219335,0.00068905042638
175.76058712,303.75,-85.7605871204,48.1033346903,0.00068905042638
175.76058712,309.375,-85.7605871204,47.8850516774,0.00068905042638
175.76058712,315,-85.7605871204,47.6962241625,0.00068905042638
175.76058712,320.625,-85.7605871204,47.5387028267,0.00068905042638
175.76058712,326.25,-85.7605871204,47.4141266158,0.00068905042638
175.76058712,331.875,-85.7605871204,47.3239099894,0.00068905042638
175.76058712,337.5,-85.7605871204,47.2692278363,0.00068905042638
175.76058712,343.125,-85.7605871204,47.2509976452,0.00068905042638
175.76058712,348.75,-85.7605871204,47.2698589171,0.00068905042638
175.76058712,354.375,-85.7605871204,47.3261502477,0.00068905042638
170.268779072,0,-80.2687790722,42.0467171615,0.00159773496651
170.268779072,5.625,-80.2687790722,42.302696872,0.00159773496651
170.268779072,11.25,-80.2687790722,42.6433081304,0.00159773496651
170.268779072,16.875,-80.2687790722,43.0686702633,0.00159773496651
170.268779072,22.5,-80.2687790722,43.5777053609,0.00159773496651
170.268779072,28.125,-80.2687790722,44.1679658011,0.00159773496651
170.268779072,33.75,-80.2687790722,44.8355108057,0.00159773496651
170.268779072,39.375,-80.2687790722,45.5748413211,0.00159773496651
170.268779072,45,-80.2687790722,46.3788982146,0.00159773496651
170.268779072,50.625,-80.2687790722,47.2391246296,0.00159773496651
170.268779072,56.25,-80.2687790722,48.1455897517,0.00159773496651
170.268779072,61.875,-80.2687790722,49.0871684562,0.00159773496651
170.268779072,67.5,-80.2687790722,50.0517693538,0.00159773496651
170.268779072,73.125,-80.2687790722,51.0266024738,0.00159773496651
170.268779072,78.75,-80.2687790722,51.9984769223,0.00159773496651
170.268779072,84.375,-80.2687790722,52.9541180211,0.00159773496651
170.268779072,90,-80.2687790722,53.8804925051,0.00159773496651
170.268779072,95.625,-80.2687790722,54.7651293489,0.00159773496651
170.268779072,101.25,-80.2687790722,55.5964229594,0.00159773496651
170.268779072,106.875,-80.2687790722,56.3639051862,0.00159773496651
170.268779072,112.5,-80.2687790722,57.0584732491,0.00159773496651
170.268779072,118.125,-80.2687790722,57.6725625076,0.00159773496651
170.268779072,123.75,-80.2687790722,58.2002560243,0.00159773496651
170.268779072,129.375,-80.2687790722,58.6373268569,0.00159773496651
170.268779072,135,-80.2687790722,58.9812135339,0.00159773496651
170.268779072,140.625,-80.2687790722,59.2309336889,0.00159773496651
170.268779072,146.25,-80.2687790722,59.3869448503,0.00159773496651
170.268779072,151.875,-80.2687790722,59.4509645014,0.00159773496651
170.268779072,157.5,-80.2687790722,59.4257635156,0.00159773496651
170.268779072,163.125,-80.2687790722,59.3149478643,0.00159773496651
170.268779072,168.75,-80.2687790722,59.1227431489,0.00159773496651
170.268779072,174.375,-80.2687790722,58.8537951914,0.00159773496651
170.268779072,180,-80.2687790722,58.5129978058,0.00159773496651
170.268779072,185.625,-80.2687790722,58.105356183,0.00159773496651
170.268779072,191.25,-80.2687790722,57.6358912329,0.00159773496651
170.268779072,196.875,-80.2687790722,57.1095869315,0.00159773496651
170.268779072,202.5,-80.2687790722,56.5313793695,0.00159773496651
170.268779072,208.125,-80.2687790722,55.9061829557,0.00159773496651
170.268779072,213.75,-80.2687790722,55.2389462274,0.00159773496651
170.268779072,219.375,-80.2687790722,54.5347271458,0.00159773496651
170.268779072,225,-80.2687790722,53.7987757869,0.00159773496651
170.268779072,230.625,-80.2687790722,53.0366112379,0.00159773496651
170.268779072,236.25,-80.2687790722,52.2540795539,0.00159773496651
170.268779072,241.875,-80.2687790722,51.4573810659,0.00159773496651
170.268779072,247.5,-80.2687790722,50.6530582996,0.00159773496651
170.268779072,253.125,-80.2687790722,49.8479401968,0.00159773496651
170.268779072,258.75,-80.2687790722,49.0490438649,0.00159773496651
170.268779072,264.375,-80.2687790722,48.2634410625,0.00159773496651
170.268779072,270,-80.2687790722,47.4981022058,0.00159773496651
170.268779072,275.625,-80.2687790722,46.7597348726,0.00159773496651
170.268779072,281.25,-80.2687790722,46.0546357681,0.00159773496651
170.268779072,286.875,-80.2687790722,45.3885743364,0.00159773496651
170.268779072,292.5,-80.2687790722,44.7667225564,0.00159773496651
170.268779072,298.125,-80.2687790722,44.1936393566,0.00159773496651
170.268779072,303.75,-80.2687790722,43.6733103866,0.00159773496651
170.268779072,309.375,-80.2687790722,43.209235804,0.00159773496651
170.268779072,315,-80.2687790722,42.8045515695,0.00159773496651
170.268779072,320.625,-80.2687790722,42.4621646569,0.00159773496651
170.268779072,326.25,-80.2687790722,42.1848803537,0.00159773496651
170.268779072,331.875,-80.2687790722,41.9755007239,0.00159773496651
170.268779072,337.5,-80.2687790722,41.8368770431,0.00159773496651
170.268779072,343.125,-80.2687790722,41.7719048855,0.00159773496651
170.268779072,348.75,-80.2687790722,41.7834575506,0.00159773496651
170.268779072,354.375,-80.2687790722,41.8742606636,0.00159773496651
164.744540369,0,-74.7445403686,36.7106928891,0.00249286018235
164.744540369,5.625,-74.7445403686,37.0475175072,0.00249286018235
164.744540369,11.25,-74.7445403686,37.5141782779,0.00249286018235
164.744540369,16.875,-74.7445403686,38.1158426935,0.00249286018235
164.744540369,22.5,-74.7445403686,38.8552155094,0.00249286018235
164.744540369,28.125,-74.7445403686,39.7319734863,0.00249286018235
164.744540369,33.75,-74.7445403686,40.742371645,0.00249286018235
164.744540369,39.375,-74.7445403686,41.8790437438,0.00249286018235
164.744540369,45,-74.7445403686,43.1310001513,0.00249286018235
164.744540369,50.625,-74.7445403686,44.4838079321,0.00249286018235
164.744540369,56.25,-74.7445403686,45.9199244285,0.00249286018235
164.744540369,61.875,-74.7445403686,47.4191497092,0.00249286018235
164.744540369,67.5,-74.7445403686,48.9591655953,0.00249286018235
164.744540369,73.125,-74.7445403686,50.5161373429,0.00249286018235
164.744540369,78.75,-74.7445403686,52.0653639087,0.00249286018235
164.744540369,84.375,-74.7445403686,53.5819688981,0.00249286018235
164.744540369,90,-74.7445403686,55.0416231883,0.00249286018235
164.744540369,95.625,-74.7445403686,56.4212815059,0.00249286018235
164.744540369,101.25,-74.7445403686,57.6999020796,0.00249286018235
164.744540369,106.875,-74.7445403686,58.8591062127,0.00249286018235
164.744540369,112.5,-74.7445403686,59.8837285133,0.00249286018235
164.744540369,118.125,-74.7445403686,60.762211689,0.00249286018235
164.744540369,123.75,-74.7445403686,61.4868122637,0.00249286018235
164.744540369,129.375,-74.7445403686,62.0536024833,0.00249286018235
164.744540369,135,-74.7445403686,62.4622747342,0.00249286018235
164.744540369,140.625,-74.7445403686,62.7157736954,0.00249286018235
164.744540369,146.25,-74.7445403686,62.8197950941,0.00249286018235
164.744540369,151.875,-74.7445403686,62.7821970553,0.00249286018235
164.744540369,157.5,-74.7445403686,62.6123710796,0.00249286018235
164.744540369,163.125,-74.7445403686,62.3206163174,0.00249286018235
164.744540369,168.75,-74.7445403686,61.9175550498,0.00249286018235
164.744540369,174.375,-74.7445403686,61.4136207737,0.00249286018235
164.744540369,180,-74.7445403686,60.8186437826,0.00249286018235
164.744540369,185.625,-74.7445403686,60.1415526841,0.00249286018235
164.744540369,191.25,-74.7445403686,59.3902036098,0.00249286018235
164.744540369,196.875,-74.7445403686,58.5713418623,0.00249286018235
164.744540369,202.5,-74.7445403686,57.6906935978,0.00249286018235
164.744540369,208.125,-74.7445403686,56.7531780753,0.00249286018235
164.744540369,213.75,-74.7445403686,55.76322385,0.00249286018235
164.744540369,219.375,-74.7445403686,54.7251644412,0.00249286018235
164.744540369,225,-74.7445403686,53.6436798974,0.00249286018235
164.744540369,230.625,-74.7445403686,52.5242406132,0.00249286018235
164.744540369,236.25,-74.7445403686,51.3735005634,0.00249286018235
164.744540369,241.875,-74.7445403686,50.199582096,0.00249286018235
164.744540369,247.5,-74.7445403686,49.0121973564,0.00249286018235
164.744540369,253.125,-74.7445403686,47.8225650361,0.00249286018235
164.744540369,258.75,-74.7445403686,46.6431057688,0.00249286018235
164.744540369,264.375,-74.7445403686,45.4869323212,0.00249286018235
164.744540369,270,-74.7445403686,44.3671862143,0.00249286018235
164.744540369,275.625,-74.7445403686,43.2963035332,0.00249286018235
164.744540369,281.25,-74.7445403686,42.2853125525,0.00249286018235
164.744540369,286.875,-74.7445403686,41.3432692539,0.00249286018235
164.744540369,292.5,-74.7445403686,40.4769216242,0.00249286018235
164.744540369,298.125,-74.7445403686,39.6906611499,0.00249286018235
164.744540369,303.75,-74.7445403686,38.9867752247,0.00249286018235
164.744540369,309.375,-74.7445403686,38.3659652613,0.00249286018235
164.744540369,315,-74.7445403686,37.8280516485,0.00249286018235
164.744540369,320.625,-74.7445403686,37.3727570942,0.00249286018235
164.744540369,326.25,-74.7445403686,37.0004500789,0.00249286018235
164.744540369,331.875,-74.7445403686,36.7127411658,0.00249286018235
164.744540369,337.5,-74.7445403686,36.5128528422,0.00249286018235
164.744540369,343.125,-74.7445403686,36.4057209618,0.00249286018235
164.744540369,348.75,-74.7445403686,36.3978242286,0.00249286018235
164.744540369,354.375,-74.7445403686,36.4967706526,0.00249286018235
159.212976169,0,-69.2129761694,31.803915696,0.00336482862305
159.212976169,5.625,-69.2129761694,32.1799142405,0.00336482862305
159.212976169,11.25,-69.2129761694,32.7252253252,0.00336482862305
159.212976169,16.875,-69.2129761694,33.4540494737,0.00336482862305
159.212976169,22.5,-69.2129761694,34.3761323048,0.00336482862305
159.212976169,28.125,-69.2129761694,35.4955480095,0.00336482862305
159.212976169,33.75,-69.2129761694,36.8099011356,0.00336482862305
159.212976169,39.375,-69.2129761694,38.3100102801,0.00336482862305
159.212976169,45,-69.2129761694,39.9800749072,0.00336482862305
159.212976169,50.625,-69.2129761694,41.7982568696,0.00336482862305
159.212976169,56.25,-69.2129761694,43.7375517514,0.00336482862305
159.212976169,61.875,-69.2129761694,45.7668026989,0.00336482862305
159.212976169,67.5,-69.2129761694,47.8517323904,0.00336482862305
159.212976169,73.125,-69.2129761694,49.9559308066,0.00336482862305
159.212976169,78.75,-69.2129761694,52.0418120283,0.00336482862305
159.212976169,84.375,-69.2129761694,54.0716074947,0.00336482862305
159.212976169,90,-69.2129761694,56.0084688167,0.00336482862305
159.212976169,95.625,-69.2129761694,57.8177059639,0.00336482862305
159.212976169,101.25,-69.2129761694,59.4681080383,0.00336482862305
159.212976169,106.875,-69.2129761694,60.9332202268,0.00336482862305
159.212976169,112.5,-69.2129761694,62.1924139752,0.00336482862305
159.212976169,118.125,-69.2129761694,63.231601152,0.00336482862305
159.212976169,123.75,-69.2129761694,64.0434983867,0.00336482862305
159.212976169,129.375,-69.2129761694,64.6274228699,0.00336482862305
159.212976169,135,-69.2129761694,64.9886720514,0.00336482862305
159.212976169,140.625,-69.2129761694,65.1375899898,0.00336482862305
159.212976169,146.25,-69.2129761694,65.0884449661,0.00336482862305
159.212976169,151.875,-69.2129761694,64.8582372337,0.00336482862305
159.212976169,157.5,-69.2129761694,64.465530226,0.00336482862305
159.212976169,163.125,-69.2129761694,63.9293656882,0.00336482862305
159.212976169,168.75,-69.2129761694,63.2682961925,0.00336482862305
159.212976169,174.375,-69.2129761694,62.4995554263,0.00336482862305
159.212976169,180,-69.2129761694,61.6383867433,0.00336482862305
159.212976169,185.625,-69.2129761694,60.6975554345,0.00336482862305
159.212976169,191.25,-69.2129761694,59.6870705347,0.00336482862305
159.212976169,196.875,-69.2129761694,58.6141340248,0.00336482862305
159.212976169,202.5,-69.2129761694,57.4833231124,0.00336482862305
159.212976169,208.125,-69.2129761694,56.2970021027,0.00336482862305
159.212976169,213.75,-69.2129761694,55.0559570371,0.00336482862305
159.212976169,219.375,-69.2129761694,53.760242837,0.00336482862305
159.212976169,225,-69.2129761694,52.4102174705,0.00336482862305
159.212976169,230.625,-69.2129761694,51.0077019588,0.00336482862305
159.212976169,236.25,-69.2129761694,49.5571517215,0.00336482862305
159.212976169,241.875,-69.2129761694,48.0666704805,0.00336482862305
159.212976169,247.5,-69.2129761694,46.5486671407,0.00336482862305
159.212976169,253.125,-69.2129761694,45.0199696924,0.00336482862305
159.212976169,258.75,-69.2129761694,43.5012758135,0.00336482862305
159.212976169,264.375,-69.2129761694,42.0159279199,0.00336482862305
159.212976169,270,-69.2129761694,40.5881280251,0.00336482862305
159.212976169,275.625,-69.2129761694,39.2408266325,0.00336482862305
159.212976169,281.25,-69.2129761694,37.993604139,0.00336482862305
159.212976169,286.875,-69.2129761694,36.8608940145,0.00336482862305
159.212976169,292.5,-69.2129761694,35.8508643115,0.00336482862305
159.212976169,298.125,-69.2129761694,34.9651778527,0.00336482862305
159.212976169,303.75,-69.2129761694,34.1997038455,0.00336482862305
159.212976169,309.375,-69.2129761694,33.5460805889,0.00336482862305
159.212976169,315,-69.2129761694,32.993867885,0.00336482862305
159.212976169,320.625,-69.2129761694,32.5329192592,0.00336482862305
159.212976169,326.25,-69.2129761694,32.1555777384,0.00336482862305
159.212976169,331.875,-69.2129761694,31.8583604703,0.00336482862305
159.212976169,337.5,-69.2129761694,31.6429242723,0.00336482862305
159.212976169,343.125,-69.2129761694,31.5162536757,0.00336482862305
159.212976169,348.75,-69.2129761694,31.490140675,0.00336482862305
159.212976169,354.375,-69.2129761694,31.5801032887,0.00336482862305
153.678635561,0,-63.6786355611,27.6427649263,0.00420540445427
153.678635561,5.625,-63.6786355611,28.0145908059,0.00420540445427
153.678635561,11.25,-63.6786355611,28.5877428155,0.00420540445427
153.678635561,16.875,-63.6786355611,29.3892065642,0.00420540445427
153.678635561,22.5,-63.6786355611,30.4388544385,0.00420540445427
153.678635561,28.125,-63.6786355611,31.7471726095,0.00420540445427
153.678635561,33.75,-63.6786355611,33.3137811341,0.00420540445427
153.678635561,39.375,-63.6786355611,35.1269578851,0.00420540445427
153.678635561,45,-63.6786355611,37.1642223871,0.00420540445427
153.678635561,50.625,-63.6786355611,39.3938321657,0.00420540445427
153.678635561,56.25,-63.6786355611,41.7768465609,0.00420540445427
153.678635561,61.875,-63.6786355611,44.2692991261,0.00420540445427
153.678635561,67.5,-63.6786355611,46.8240622519,0.00420540445427
153.678635561,73.125,-63.6786355611,49.392200981,0.00420540445427
153.678635561,78.75,-63.6786355611,51.9239169018,0.00420540445427
153.678635561,84.375,-63.6786355611,54.3694263799,0.00420540445427
153.678635561,90,-63.6786355611,56.680163213,0.00420540445427
153.678635561,95.625,-63.6786355611,58.810512711,0.00420540445427
153.678635561,101.25,-63.6786355611,60.7199732133,0.00420540445427
153.678635561,106.875,-63.6786355611,62.3753721071,0.00420540445427
153.678635561,112.5,-63.6786355611,63.7526677139,0.00420540445427
153.678635561,118.125,-63.6786355611,64.8379665276,0.00420540445427
153.678635561,123.75,-63.6786355611,65.6275979932,0.00420540445427
153.678635561,129.375,-63.6786355611,66.1273083936,0.00420540445427
153.678635561,135,-63.6786355611,66.3507910976,0.00420540445427
153.678635561,140.625,-63.6786355611,66.3178450243,0.00420540445427
153.678635561,146.25,-63.6786355611,66.0524554646,0.00420540445427
153.678635561,151.875,-63.6786355611,65.5810306672,0.00420540445427
153.678635561,157.5,-63.6786355611,64.9309168345,0.00420540445427
153.678635561,163.125,-63.6786355611,64.1291878713,0.00420540445427
153.678635561,168.75,-63.6786355611,63.201618912,0.00420540445427
153.678635561,174.375,-63.6786355611,62.1717467221,0.00420540445427
153.678635561,180,-63.6786355611,61.0599898915,0.00420540445427
153.678635561,185.625,-63.6786355611,59.8828914999,0.00420540445427
153.678635561,191.25,-63.6786355611,58.6525910766,0.00420540445427
153.678635561,196.875,-63.6786355611,57.376606631,0.00420540445427
153.678635561,202.5,-63.6786355611,56.0579453925,0.00420540445427
153.678635561,208.125,-63.6786355611,54.6955253833,0.00420540445427
153.678635561,213.75,-63.6786355611,53.284914243,0.00420540445427
153.678635561,219.375,-63.6786355611,51.8194527549,0.00420540445427
153.678635561,225,-63.6786355611,50.2918591845,0.00420540445427
153.678635561,230.625,-63.6786355611,48.6963433179,0.00420540445427
153.678635561,236.25,-63.6786355611,47.0310873566,0.00420540445427
153.678635561,241.875,-63.6786355611,45.3007346887,0.00420540445427
153.678635561,247.5,-63.6786355611,43.5183655222,0.00420540445427
153.678635561,253.125,-63.6786355611,41.7064143136,0.00420540445427
153.678635561,258.75,-63.6786355611,39.8961250049,0.00420540445427
153.678635561,264.375,-63.6786355611,38.1254091578,0.00420540445427
153.678635561,270,-63.6786355611,36.4352933756,0.00420540445427
153.678635561,275.625,-63.6786355611,34.865438833,0.00420540445427
153.678635561,281.25,-63.6786355611,33.4494326467,0.00420540445427
153.678635561,286.875,-63.6786355611,32.21065646,0.00420540445427
153.678635561,292.5,-63.6786355611,31.1595100407,0.00420540445427
153.678635561,298.125,-63.6786355611,30.2925885725,0.00420540445427
153.678635561,303.75,-63.6786355611,29.5940802974,0.00420540445427
153.678635561,309.375,-63.6786355611,29.0392081795,0.00420540445427
153.678635561,315,-63.6786355611,28.5990859593,0.00420540445427
153.678635561,320.625,-63.6786355611,28.2460354666,0.00420540445427
153.678635561,326.25,-63.6786355611,27.9583405152,0.00420540445427
153.678635561,331.875,-63.6786355611,27.7236292982,0.00420540445427
153.678635561,337.5,-63.6786355611,27.5404982823,0.00420540445427
153.678635561,343.125,-63.6786355611,27.4184444286,0.00420540445427
153.678635561,348.75,-63.6786355611,27.3764863757,0.00420540445427
153.678635561,354.375,-63.6786355611,27.4409454963,0.00420540445427
148.142954049,0,-58.1429540492,24.4600344884,0.00500672276019
148.142954049,5.625,-58.1429540492,24.7822639648,0.00500672276019
148.142954049,11.25,-58.1429540492,25.3274282686,0.00500672276019
148.142954049,16.875,-58.1429540492,26.1390263265,0.00500672276019
148.142954049,22.5,-58.1429540492,27.2505670066,0.00500672276019
148.142954049,28.125,-58.1429540492,28.6815115481,0.00500672276019
148.142954049,33.75,-58.1429540492,30.4345391543,0.00500672276019
148.142954049,39.375,-58.1429540492,32.4946373474,0.00500672276019
148.142954049,45,-58.1429540492,34.8302397342,0.00500672276019
148.142954049,50.625,-58.1429540492,37.3962504706,0.00500672276019
148.142954049,56.25,-58.1429540492,40.1383124196,0.00500672276019
148.142954049,61.875,-58.1429540492,42.997246992,0.00500672276019
148.142954049,67.5,-58.1429540492,45.9125101843,0.00500672276019
148.142954049,73.125,-58.1429540492,48.8239797353,0.00500672276019
148.142954049,78.75,-58.1429540492,51.6722789801,0.00500672276019
148.142954049,84.375,-58.1429540492,54.3986628901,0.00500672276019
148.142954049,90,-58.1429540492,56.9457059633,0.00500672276019
148.142954049,95.625,-58.1429540492,59.2594752404,0.00500672276019
148.142954049,101.25,-58.1429540492,61.292905426,0.00500672276019
148.142954049,106.875,-58.1429540492,63.0093428319,0.00500672276019
148.142954049,112.5,-58.1429540492,64.3851152358,0.00500672276019
148.142954049,118.125,-58.1429540492,65.4104597895,0.00500672276019
148.142954049,123.75,-58.1429540492,66.0887897061,0.00500672276019
148.142954049,129.375,-58.1429540492,66.4347140845,0.00500672276019
148.142954049,135,-58.1429540492,66.4713494523,0.00500672276019
148.142954049,140.625,-58.1429540492,66.2274277049,0.00500672276019
148.142954049,146.25,-58.1429540492,65.7346587164,0.00500672276019
148.142954049,151.875,-58.1429540492,65.0257261933,0.00500672276019
148.142954049,157.5,-58.1429540492,64.1330784917,0.00500672276019
148.142954049,163.125,-58.1429540492,63.0883337465,0.00500672276019
148.142954049,168.75,-58.1429540492,61.9218432992,0.00500672276019
148.142954049,174.375,-58.1429540492,60.6619650149,0.00500672276019
148.142954049,180,-58.1429540492,59.3339083881,0.00500672276019
148.142954049,185.625,-58.1429540492,57.9584006734,0.00500672276019
148.142954049,191.25,-58.1429540492,56.550598727,0.00500672276019
148.142954049,196.875,-58.1429540492,55.1195277984,0.00500672276019
148.142954049,202.5,-58.1429540492,53.6680253406,0.00500672276019
148.142954049,208.125,-58.1429540492,52.1929857019,0.00500672276019
148.142954049,213.75,-58.1429540492,50.6858043435,0.00500672276019
148.142954049,219.375,-58.1429540492,49.1332241864,0.00500672276019
148.142954049,225,-58.1429540492,47.5190295752,0.00500672276019
148.142954049,230.625,-58.1429540492,45.8269737602,0.00500672276019
148.142954049,236.25,-58.1429540492,44.0449167934,0.00500672276019
148.142954049,241.875,-58.1429540492,42.1695710229,0.00500672276019
148.142954049,247.5,-58.1429540492,40.2107888562,0.00500672276019
148.142954049,253.125,-58.1429540492,38.1942062877,0.00500672276019
148.142954049,258.75,-58.1429540492,36.1613225213,0.00500672276019
148.142954049,264.375,-58.1429540492,34.1666277071,0.00500672276019
148.142954049,270,-58.1429540492,32.2719972443,0.00500672276019
148.142954049,275.625,-58.1429540492,30.5391072946,0.00500672276019
148.142954049,281.25,-58.1429540492,29.0210344584,0.00500672276019
148.142954049,286.875,-58.1429540492,27.7544708435,0.00500672276019
148.142954049,292.5,-58.1429540492,26.7540743494,0.00500672276019
148.142954049,298.125,-58.1429540492,26.0102869003,0.00500672276019
148.142954049,303.75,-58.1429540492,25.4913929921,0.00500672276019
148.142954049,309.375,-58.1429540492,25.1496706802,0.00500672276019
148.142954049,315,-58.1429540492,24.9304201235,0.00500672276019
148.142954049,320.625,-58.1429540492,24.7818285096,0.00500672276019
148.142954049,326.25,-58.1429540492,24.6634347985,0.00500672276019
148.142954049,331.875,-58.1429540492,24.5515439369,0.00500672276019
148.142954049,337.5,-58.1429540492,24.4410702329,0.00500672276019
148.142954049,343.125,-58.1429540492,24.3444233389,0.00500672276019
148.142954049,348.75,-58.1429540492,24.2886540621,0.00500672276019
148.142954049,354.375,-58.1429540492,24.3119568108,0.00500672276019
142.606526034,0,-52.6065260343,22.3647218816,0.00576129740484
142.606526034,5.625,-52.6065260343,22.5975603064,0.00576129740484
142.606526034,11.25,-52.6065260343,23.0597224466,0.00576129740484
142.606526034,16.875,-52.6065260343,23.8152772418,0.00576129740484
142.606526034,22.5,-52.6065260343,24.9157278215,0.00576129740484
142.606526034,28.125,-52.6065260343,26.3931418541,0.00576129740484
142.606526034,33.75,-52.6065260343,28.2554696827,0.00576129740484
142.606526034,39.375,-52.6065260343,30.4847239729,0.00576129740484
142.606526034,45,-52.6065260343,33.0384152786,0.00576129740484
142.606526034,50.625,-52.6065260343,35.8543705748,0.00576129740484
142.606526034,56.25,-52.6065260343,38.8582875041,0.00576129740484
142.606526034,61.875,-52.6065260343,41.9721451198,0.00576129740484
142.606526034,67.5,-52.6065260343,45.1207921838,0.00576129740484
142.606526034,73.125,-52.6065260343,48.234674779,0.00576129740484
142.606526034,78.75,-52.6065260343,51.2487752553,0.00576129740484
142.606526034,84.375,-52.6065260343,54.1001217876,0.00576129740484
142.606526034,90,-52.6065260343,56.7269931396,0.00576129740484
142.606526034,95.625,-52.6065260343,59.0715337375,0.00576129740484
142.606526034,101.25,-52.6065260343,61.0849515449,0.00576129740484
142.606526034,106.875,-52.6065260343,62.7327036743,0.00576129740484
142.606526034,112.5,-52.6065260343,63.9972597456,0.00576129740484
142.606526034,118.125,-52.6065260343,64.8777081383,0.00576129740484
142.606526034,123.75,-52.6065260343,65.3871140223,0.00576129740484
142.606526034,129.375,-52.6065260343,65.5490132861,0.00576129740484
142.606526034,135,-52.6065260343,65.3938728557,0.00576129740484
142.606526034,140.625,-52.6065260343,64.9557489485,0.00576129740484
142.606526034,146.25,-52.6065260343,64.2693920011,0.00576129740484
142.606526034,151.875,-52.6065260343,63.3683854239,0.00576129740484
142.606526034,157.5,-52.6065260343,62.2848039219,0.00576129740484
142.606526034,163.125,-52.6065260343,61.0500852062,0.00576129740484
142.606526034,168.75,-52.6065260343,59.6959449581,0.00576129740484
142.606526034,174.375,-52.6065260343,58.2540879446,0.00576129740484
142.606526034,180,-52.6065260343,56.754365695,0.00576129740484
142.606526034,185.625,-52.6065260343,55.2221888165,0.00576129740484
142.606526034,191.25,-52.6065260343,53.6764681925,0.00576129740484
142.606526034,196.875,-52.6065260343,52.1288123735,0.00576129740484
142.606526034,202.5,-52.6065260343,50.5837007651,0.00576129740484
142.606526034,208.125,-52.6065260343,49.0387715035,0.00576129740484
142.606526034,213.75,-52.6065260343,47.4846708837,0.00576129740484
142.606526034,219.375,-52.6065260343,45.9048198999,0.00576129740484
142.606526034,225,-52.6065260343,44.2762232122,0.00576129740484
142.606526034,230.625,-52.6065260343,42.5724698754,0.00576129740484
142.606526034,236.25,-52.6065260343,40.7692809803,0.00576129740484
142.606526034,241.875,-52.6065260343,38.8517924796,0.00576129740484
142.606526034,247.5,-52.6065260343,36.8218433807,0.00576129740484
142.606526034,253.125,-52.6065260343,34.7032766959,0.00576129740484
142.606526034,258.75,-52.6065260343,32.5436603927,0.00576129740484
142.606526034,264.375,-52.6065260343,30.4116108581,0.00576129740484
142.606526034,270,-52.6065260343,28.3897376358,0.00576129740484
142.606526034,275.625,-52.6065260343,26.5639858242,0.00576129740484
142.606526034,281.25,-52.6065260343,25.0108581454,0.00576129740484
142.606526034,286.875,-52.6065260343,23.7846717497,0.00576129740484
142.606526034,292.5,-52.6065260343,22.9074959722,0.00576129740484
142.606526034,298.125,-52.6065260343,22.3644053178,0.00576129740484
142.606526034,303.75,-52.6065260343,22.1058483128,0.00576129740484
142.606526034,309.375,-52.6065260343,22.0572233907,0.00576129740484
142.606526034,315,-52.6065260343,22.1335820952,0.00576129740484
142.606526034,320.625,-52.6065260343,22.255608846,0.00576129740484
142.606526034,326.25,-52.6065260343,22.3626015712,0.00576129740484
142.606526034,331.875,-52.6065260343,22.4195257571,0.00576129740484
142.606526034,337.5,-52.6065260343,22.417787202,0.00576129740484
142.606526034,343.125,-52.6065260343,22.3717923623,0.00576129740484
142.606526034,348.75,-52.6065260343,22.3142768929,0.00576129740484
142.606526034,354.375,-52.6065260343,22.292407827,0.00576129740484
137.06964206,0,-47.0696420597,21.3267797886,0.00646208160991
137.06964206,5.625,-47.0696420597,21.4511886468,0.00646208160991
137.06964206,11.25,-47.0696420597,21.7897269033,0.00646208160991
137.06964206,16.875,-47.0696420597,22.4308279955,0.00646208160991
137.06964206,22.5,-47.0696420597,23.448517779,0.00646208160991
137.06964206,28.125,-47.0696420597,24.8917934835,0.00646208160991
137.06964206,33.75,-47.0696420597,26.7777114074,0.00646208160991
137.06964206,39.375,-47.0696420597,29.0881764311,0.00646208160991
137.06964206,45,-47.0696420597,31.7706366189,0.00646208160991
137.06964206,50.625,-47.0696420597,34.7438207122,0.00646208160991
137.06964206,56.25,-47.0696420597,37.9090228404,0.00646208160991
137.06964206,61.875,-47.0696420597,41.1645567193,0.00646208160991
137.06964206,67.5,-47.0696420597,44.4180578461,0.00646208160991
137.06964206,73.125,-47.0696420597,47.5915166191,0.00646208160991
137.06964206,78.75,-47.0696420597,50.6181806878,0.00646208160991
137.06964206,84.375,-47.0696420597,53.435905588,0.00646208160991
137.06964206,90,-47.0696420597,55.9837075629,0.00646208160991
137.06964206,95.625,-47.0696420597,58.2051848872,0.00646208160991
137.06964206,101.25,-47.0696420597,60.056630263,0.00646208160991
137.06964206,106.875,-47.0696420597,61.5139578195,0.00646208160991
137.06964206,112.5,-47.0696420597,62.5738893421,0.00646208160991
137.06964206,118.125,-47.0696420597,63.2495215663,0.00646208160991
137.06964206,123.75,-47.0696420597,63.564038916,0.00646208160991
137.06964206,129.375,-47.0696420597,63.546097581,0.00646208160991
137.06964206,135,-47.0696420597,63.2274379304,0.00646208160991
137.06964206,140.625,-47.0696420597,62.6410711634,0.00646208160991
137.06964206,146.25,-47.0696420597,61.8189719339,0.00646208160991
137.06964206,151.875,-47.0696420597,60.7902969349,0.00646208160991
137.06964206,157.5,-47.0696420597,59.5819009448,0.00646208160991
137.06964206,163.125,-47.0696420597,58.2212154502,0.00646208160991
137.06964206,168.75,-47.0696420597,56.7391479158,0.00646208160991
137.06964206,174.375,-47.0696420597,55.1701764469,0.00646208160991
137.06964206,180,-47.0696420597,53.5489225385,0.00646208160991
137.06964206,185.625,-47.0696420597,51.9052605603,0.00646208160991
137.06964206,191.25,-47.0696420597,50.2609677015,0.00646208160991
137.06964206,196.875,-47.0696420597,48.6293559666,0.00646208160991
137.06964206,202.5,-47.0696420597,47.0168316739,0.00646208160991
137.06964206,208.125,-47.0696420597,45.4240647504,0.00646208160991
137.06964206,213.75,-47.0696420597,43.8452836549,0.00646208160991
137.06964206,219.375,-47.0696420597,42.2662425555,0.00646208160991
137.06964206,225,-47.0696420597,40.6629965023,0.00646208160991
137.06964206,230.625,-47.0696420597,39.0037158132,0.00646208160991
137.06964206,236.25,-47.0696420597,37.2544787753,0.00646208160991
137.06964206,241.875,-47.0696420597,35.388216071,0.00646208160991
137.06964206,247.5,-47.0696420597,33.3946973906,0.00646208160991
137.06964206,253.125,-47.0696420597,31.2890646509,0.00646208160991
137.06964206,258.75,-47.0696420597,29.1167243592,0.00646208160991
137.06964206,264.375,-47.0696420597,26.9529834401,0.00646208160991
137.06964206,270,-47.0696420597,24.896468174,0.00646208160991
137.06964206,275.625,-47.0696420597,23.0562996824,0.00646208160991
137.06964206,281.25,-47.0696420597,21.5344410645,0.00646208160991
137.06964206,286.875,-47.0696420597,20.4063981468,0.00646208160991
137.06964206,292.5,-47.0696420597,19.7048663136,0.00646208160991
137.06964206,298.125,-47.0696420597,19.4111433137,0.00646208160991
137.06964206,303.75,-47.0696420597,19.4576669473,0.00646208160991
137.06964206,309.375,-47.0696420597,19.7419898236,0.00646208160991
137.06964206,315,-47.0696420597,20.1486915509,0.00646208160991
137.06964206,320.625,-47.0696420597,20.572645801,0.00646208160991
137.06964206,326.25,-47.0696420597,20.9364218719,0.00646208160991
137.06964206,331.875,-47.0696420597,21.197305503,0.00646208160991
137.06964206,337.5,-47.0696420597,21.3444701684,0.00646208160991
137.06964206,343.125,-47.0696420597,21.3913650244,0.00646208160991
137.06964206,348.75,-47.0696420597,21.3694568827,0.00646208160991
137.06964206,354.375,-47.0696420597,21.3263851022,0.00646208160991
131.532461247,0,-41.5324612467,21.2146399278,0.00710253172783
131.532461247,5.625,-41.5324612467,21.2486254965,0.00710253172783
131.532461247,11.25,-41.5324612467,21.4528862341,0.00710253172783
131.532461247,16.875,-41.5324612467,21.9414368022,0.00710253172783
131.532461247,22.5,-41.5324612467,22.8135676092,0.00710253172783
131.532461247,28.125,-41.5324612467,24.139223347,0.00710253172783
131.532461247,33.75,-41.5324612467,25.9503851976,0.00710253172783
131.532461247,39.375,-41.5324612467,28.2360179713,0.00710253172783
131.532461247,45,-41.5324612467,30.9398154223,0.00710253172783
131.532461247,50.625,-41.5324612467,33.9641451923,0.00710253172783
131.532461247,56.25,-41.5324612467,37.1841035007,0.00710253172783
131.532461247,61.875,-41.5324612467,40.4698764116,0.00710253172783
131.532461247,67.5,-41.5324612467,43.708141589,0.00710253172783
131.532461247,73.125,-41.5324612467,46.8117093915,0.00710253172783
131.532461247,78.75,-41.5324612467,49.7141168638,0.00710253172783
131.532461247,84.375,-41.5324612467,52.3570055419,0.00710253172783
131.532461247,90,-41.5324612467,54.6831226863,0.00710253172783
131.532461247,95.625,-41.5324612467,56.6418203995,0.00710253172783
131.532461247,101.25,-41.5324612467,58.202092046,0.00710253172783
131.532461247,106.875,-41.5324612467,59.3611788318,0.00710253172783
131.532461247,112.5,-41.5324612467,60.1408025591,0.00710253172783
131.532461247,118.125,-41.5324612467,60.5739063979,0.00710253172783
131.532461247,123.75,-41.5324612467,60.6920542744,0.00710253172783
131.532461247,129.375,-41.5324612467,60.5211128496,0.00710253172783
131.532461247,135,-41.5324612467,60.0841711586,0.00710253172783
131.532461247,140.625,-41.5324612467,59.4049581345,0.00710253172783
131.532461247,146.25,-41.5324612467,58.5072695109,0.00710253172783
131.532461247,151.875,-41.5324612467,57.4123694156,0.00710253172783
131.532461247,157.5,-41.5324612467,56.1393689868,0.00710253172783
131.532461247,163.125,-41.5324612467,54.7101263443,0.00710253172783
131.532461247,168.75,-41.5324612467,53.154543194,0.00710253172783
131.532461247,174.375,-41.5324612467,51.5106707826,0.00710253172783
131.532461247,180,-41.5324612467,49.8183618412,0.00710253172783
131.532461247,185.625,-41.5324612467,48.1108293467,0.00710253172783
131.532461247,191.25,-41.5324612467,46.4099601593,0.00710253172783
131.532461247,196.875,-41.5324612467,44.7276136217,0.00710253172783
131.532461247,202.5,-41.5324612467,43.0701942921,0.00710253172783
131.532461247,208.125,-41.5324612467,41.4418260162,0.00710253172783
131.532461247,213.75,-41.5324612467,39.8434590563,0.00710253172783
131.532461247,219.375,-41.5324612467,38.2688587501,0.00710253172783
131.532461247,225,-41.5324612467,36.7007301839,0.00710253172783
131.532461247,230.625,-41.5324612467,35.1100993623,0.00710253172783
131.532461247,236.25,-41.5324612467,33.460342805,0.00710253172783
131.532461247,241.875,-41.5324612467,31.7154340852,0.00710253172783
131.532461247,247.5,-41.5324612467,29.8509272867,0.00710253172783
131.532461247,253.125,-41.5324612467,27.8657687897,0.00710253172783
131.532461247,258.75,-41.5324612467,25.7925406309,0.00710253172783
131.532461247,264.375,-41.5324612467,23.7029181705,0.00710253172783
131.532461247,270,-41.5324612467,21.7046952386,0.00710253172783
131.532461247,275.625,-41.5324612467,19.9279561631,0.00710253172783
131.532461247,281.25,-41.5324612467,18.501348677,0.00710253172783
131.532461247,286.875,-41.5324612467,17.5237396101,0.00710253172783
131.532461247,292.5,-41.5324612467,17.0395241137,0.00710253172783
131.532461247,298.125,-41.5324612467,17.0257692303,0.00710253172783
131.532461247,303.75,-41.5324612467,17.3961004834,0.00710253172783
131.532461247,309.375,-41.5324612467,18.0209772007,0.00710253172783
131.532461247,315,-41.5324612467,18.7583610059,0.00710253172783
131.532461247,320.625,-41.5324612467,19.4846047702,0.00710253172783
131.532461247,326.25,-41.5324612467,20.1148653589,0.00710253172783
131.532461247,331.875,-41.5324612467,20.6069840727,0.00710253172783
131.532461247,337.5,-41.5324612467,20.9512922199,0.00710253172783
131.532461247,343.125,-41.5324612467,21.1563477392,0.00710253172783
131.532461247,348.75,-41.5324612467,21.2416481288,0.00710253172783
131.532461247,354.375,-41.5324612467,21.2415220037,0.00710253172783
125.995078411,0,-35.9950784113,21.8458022324,0.00767666776751
125.995078411,5.625,-35.9950784113,21.8492101819,0.00767666776751
125.995078411,11.25,-35.9950784113,21.9451654982,0.00767666776751
125.995078411,16.875,-35.9950784113,22.2686215049,0.00767666776751
125.995078411,22.5,-35.9950784113,22.9427357099,0.00767666776751
125.995078411,28.125,-35.9950784113,24.0611599268,0.00767666776751
125.995078411,33.75,-35.9950784113,25.6787220156,0.00767666776751
125.995078411,39.375,-35.9950784113,27.8036536387,0.00767666776751
125.995078411,45,-35.9950784113,30.3889647792,0.00767666776751
125.995078411,50.625,-35.9950784113,33.3302869179,0.00767666776751
125.995078411,56.25,-35.9950784113,36.4802747947,0.00767666776751
125.995078411,61.875,-35.9950784113,39.6798270189,0.00767666776751
125.995078411,67.5,-35.9950784113,42.7917296245,0.00767666776751
125.995078411,73.125,-35.9950784113,45.7174276605,0.00767666776751
125.995078411,78.75,-35.9950784113,48.3894482982,0.00767666776751
125.995078411,84.375,-35.9950784113,50.7515764673,0.00767666776751
125.995078411,90,-35.9950784113,52.7484026687,0.00767666776751
125.995078411,95.625,-35.9950784113,54.3356015343,0.00767666776751
125.995078411,101.25,-35.9950784113,55.5011421301,0.00767666776751
125.995078411,106.875,-35.9950784113,56.2755964668,0.00767666776751
125.995078411,112.5,-35.9950784113,56.718607142,0.00767666776751
125.995078411,118.125,-35.9950784113,56.8899282777,0.00767666776751
125.995078411,123.75,-35.9950784113,56.8266636979,0.00767666776751
125.995078411,129.375,-35.9950784113,56.5412684023,0.00767666776751
125.995078411,135,-35.9950784113,56.0357411437,0.00767666776751
125.995078411,140.625,-35.9950784113,55.3154971615,0.00767666776751
125.995078411,146.25,-35.9950784113,54.3919169871,0.00767666776751
125.995078411,151.875,-35.9950784113,53.2772294289,0.00767666776751
125.995078411,157.5,-35.9950784113,51.9828249465,0.00767666776751
125.995078411,163.125,-35.9950784113,50.5257038139,0.00767666776751
125.995078411,168.75,-35.9950784113,48.9364202051,0.00767666776751
125.995078411,174.375,-35.9950784113,47.2586796421,0.00767666776751
125.995078411,180,-35.9950784113,45.538618175,0.00767666776751
125.995078411,185.625,-35.9950784113,43.811682692,0.00767666776751
125.995078411,191.25,-35.9950784113,42.0968474597,0.00767666776751
125.995078411,196.875,-35.9950784113,40.4008703504,0.00767666776751
125.995078411,202.5,-35.9950784113,38.727136571,0.00767666776751
125.995078411,208.125,-35.9950784113,37.0815267723,0.00767666776751
125.995078411,213.75,-35.9950784113,35.4718372761,0.00767666776751
125.995078411,219.375,-35.9950784113,33.9025324911,0.00767666776751
125.995078411,225,-35.9950784113,32.3688116987,0.00767666776751
125.995078411,230.625,-35.9950784113,30.8529953081,0.00767666776751
125.995078411,236.25,-35.9950784113,29.3245037218,0.00767666776751
125.995078411,241.875,-35.9950784113,27.7440572072,0.00767666776751
125.995078411,247.5,-35.9950784113,26.0729663868,0.00767666776751
125.995078411,253.125,-35.9950784113,24.2879209698,0.00767666776751
125.995078411,258.75,-35.9950784113,22.3991827832,0.00767666776751
125.995078411,264.375,-35.9950784113,20.4660633082,0.00767666776751
125.995078411,270,-35.9950784113,18.6008446844,0.00767666776751
125.995078411,275.625,-35.9950784113,16.9542796411,0.00767666776751
125.995078411,281.25,-35.9950784113,15.683172817,0.00767666776751
125.995078411,286.875,-35.9950784113,14.9096104733,0.00767666776751
125.995078411,292.5,-35.9950784113,14.6864553773,0.00767666776751
125.995078411,298.125,-35.9950784113,14.9816911499,0.00767666776751
125.995078411,303.75,-35.9950784113,15.6868653835,0.00767666776751
125.995078411,309.375,-35.9950784113,16.6464408785,0.00767666776751
125.995078411,315,-35.9950784113,17.6981735586,0.00767666776751
125.995078411,320.625,-35.9950784113,18.7106616372,0.00767666776751
125.995078411,326.25,-35.9950784113,19.6043593601,0.00767666776751
125.995078411,331.875,-35.9950784113,20.3488609376,0.00767666776751
125.995078411,337.5,-35.9950784113,20.9415126644,0.00767666776751
125.995078411,343.125,-35.9950784113,21.3837537183,0.00767666776751
125.995078411,348.75,-35.9950784113,21.6728049348,0.00767666776751
125.995078411,354.375,-35.9950784113,21.8144391471,0.00767666776751
120.457553961,0,-30.4575539612,22.9811899006,0.00817912903462
120.457553961,5.625,-30.4575539612,23.0364948588,0.00817912903462
120.457553961,11.25,-30.4575539612,23.074808088,0.00817912903462
120.457553961,16.875,-30.4575539612,23.2395724853,0.00817912903462
120.457553961,22.5,-30.4575539612,23.6708472297,0.00817912903462
120.457553961,28.125,-30.4575539612,24.4867617093,0.00817912903462
120.457553961,33.75,-30.4575539612,25.7739778983,0.00817912903462
120.457553961,39.375,-30.4575539612,27.5751360389,0.00817912903462
120.457553961,45,-30.4575539612,29.8698174553,0.00817912903462
120.457553961,50.625,-30.4575539612,32.5619864991,0.00817912903462
120.457553961,56.25,-30.4575539612,35.4920193218,0.00817912903462
120.457553961,61.875,-30.4575539612,38.4764404293,0.00817912903462
120.457553961,67.5,-30.4575539612,41.3550918166,0.00817912903462
120.457553961,73.125,-30.4575539612,44.0162902971,0.00817912903462
120.457553961,78.75,-30.4575539612,46.3872895719,0.00817912903462
120.457553961,84.375,-30.4575539612,48.4072153464,0.00817912903462
120.457553961,90,-30.4575539612,50.0148163372,0.00817912903462
120.457553961,95.625,-30.4575539612,51.1675755724,0.00817912903462
120.457553961,101.25,-30.4575539612,51.8752562268,0.00817912903462
120.457553961,106.875,-30.4575539612,52.2122417516,0.00817912903462
120.457553961,112.5,-30.4575539612,52.2889810522,0.00817912903462
120.457553961,118.125,-30.4575539612,52.1994476781,0.00817912903462
120.457553961,123.75,-30.4575539612,51.983458922,0.00817912903462
120.457553961,129.375,-30.4575539612,51.62887329,0.00817912903462
120.457553961,135,-30.4575539612,51.1036738423,0.00817912903462
120.457553961,140.625,-30.4575539612,50.386318192,0.00817912903462
120.457553961,146.25,-30.4575539612,49.4730399506,0.00817912903462
120.457553961,151.875,-30.4575539612,48.3680669573,0.00817912903462
120.457553961,157.5,-30.4575539612,47.0772227496,0.00817912903462
120.457553961,163.125,-30.4575539612,45.6149344846,0.00817912903462
120.457553961,168.75,-30.4575539612,44.0149721197,0.00817912903462
120.457553961,174.375,-30.4575539612,42.3293072209,0.00817912903462
120.457553961,180,-30.4575539612,40.6121072276,0.00817912903462
120.457553961,185.625,-30.4575539612,38.9012919992,0.00817912903462
120.457553961,191.25,-30.4575539612,37.2118723125,0.00817912903462
120.457553961,196.875,-30.4575539612,35.5436874082,0.00817912903462
120.457553961,202.5,-30.4575539612,33.8945931075,0.00817912903462
120.457553961,208.125,-30.4575539612,32.2688942507,0.00817912903462
120.457553961,213.75,-30.4575539612,30.6777127835,0.00817912903462
120.457553961,219.375,-30.4575539612,29.1342057757,0.00817912903462
120.457553961,225,-30.4575539612,27.6472977281,0.00817912903462
120.457553961,230.625,-30.4575539612,26.2152992173,0.00817912903462
120.457553961,236.25,-30.4575539612,24.8200124558,0.00817912903462
120.457553961,241.875,-30.4575539612,23.4239646275,0.00817912903462
120.457553961,247.5,-30.4575539612,21.9757649986,0.00817912903462
120.457553961,253.125,-30.4575539612,20.4277281795,0.00817912903462
120.457553961,258.75,-30.4575539612,18.764113106,0.00817912903462
120.457553961,264.375,-30.4575539612,17.0295674818,0.00817912903462
120.457553961,270,-30.4575539612,15.3415251542,0.00817912903462
120.457553961,275.625,-30.4575539612,13.873781145,0.00817912903462
120.457553961,281.25,-30.4575539612,12.8120270678,0.00817912903462
120.457553961,286.875,-30.4575539612,12.2979263077,0.00817912903462
120.457553961,292.5,-30.4575539612,12.3852351366,0.00817912903462
120.457553961,298.125,-30.4575539612,13.0249776746,0.00817912903462
120.457553961,303.75,-30.4575539612,14.0826513474,0.00817912903462
120.457553961,309.375,-30.4575539612,15.3785661917,0.00817912903462
120.457553961,315,-30.4575539612,16.7368811816,0.00817912903462
120.457553961,320.625,-30.4575539612,18.0273982516,0.00817912903462
120.457553961,326.25,-30.4575539612,19.1851862051,0.00817912903462
120.457553961,331.875,-30.4575539612,20.199979817,0.00817912903462
120.457553961,337.5,-30.4575539612,21.0821974906,0.00817912903462
120.457553961,343.125,-30.4575539612,21.828062399,0.00817912903462
120.457553961,348.75,-30.4575539612,22.408845031,0.00817912903462
120.457553961,354.375,-30.4575539612,22.7924912789,0.00817912903462
114.91992863,0,-24.9199286299,24.2526604106,0.00860522410795
114.91992863,5.625,-24.9199286299,24.423386466,0.00860522410795
114.91992863,11.25,-24.9199286299,24.4507082252,0.00860522410795
114.91992863,16.875,-24.9199286299,24.4677911353,0.00860522410795
114.91992863,22.5,-24.9199286299,24.6192965804,0.00860522410795
114.91992863,28.125,-24.9199286299,25.0456706507,0.00860522410795
114.91992863,33.75,-24.9199286299,25.8726002154,0.00860522410795
114.91992863,39.375,-24.9199286299,27.1900411366,0.00860522410795
114.91992863,45,-24.9199286299,29.0191430952,0.00860522410795
114.91992863,50.625,-24.9199286299,31.2871943854,0.00860522410795
114.91992863,56.25,-24.9199286299,33.8361537216,0.00860522410795
114.91992863,61.875,-24.9199286299,36.4695677915,0.00860522410795
114.91992863,67.5,-24.9199286299,39.0115000968,0.00860522410795
114.91992863,73.125,-24.9199286299,41.3386483399,0.00860522410795
114.91992863,78.75,-24.9199286299,43.3685677901,0.00860522410795
114.91992863,84.375,-24.9199286299,45.0266358823,0.00860522410795
114.91992863,90,-24.9199286299,46.2349827764,0.00860522410795
114.91992863,95.625,-24.9199286299,46.9447304413,0.00860522410795
114.91992863,101.25,-24.9199286299,47.185750731,0.00860522410795
114.91992863,106.875,-24.9199286299,47.0817313728,0.00860522410795
114.91992863,112.5,-24.9199286299,46.8026084961,0.00860522410795
114.91992863,118.125,-24.9199286299,46.4817867073,0.00860522410795
114.91992863,123.75,-24.9199286299,46.1589552785,0.00860522410795
114.91992863,129.375,-24.9199286299,45.787513291,0.00860522410795
114.91992863,135,-24.9199286299,45.2902258558,0.00860522410795
114.91992863,140.625,-24.9199286299,44.6117940966,0.00860522410795
114.91992863,146.25,-24.9199286299,43.7327493266,0.00860522410795
114.91992863,151.875,-24.9199286299,42.6528226616,0.00860522410795
114.91992863,157.5,-24.9199286299,41.376531986,0.00860522410795
114.91992863,163.125,-24.9199286299,39.9189546777,0.00860522410795
114.91992863,168.75,-24.9199286299,38.3193026109,0.00860522410795
114.91992863,174.375,-24.9199286299,36.6397424773,0.00860522410795
114.91992863,180,-24.9199286299,34.9445457569,0.00860522410795
114.91992863,185.625,-24.9199286299,33.2763457077,0.00860522410795
114.91992863,191.25,-24.9199286299,31.6481727672,0.00860522410795
114.91992863,196.875,-24.9199286299,30.0536712463,0.00860522410795
114.91992863,202.5,-24.9199286299,28.4834220379,0.00860522410795
114.91992863,208.125,-24.9199286299,26.9355689299,0.00860522410795
114.91992863,213.75,-24.9199286299,25.4183560394,0.00860522410795
114.91992863,219.375,-24.9199286299,23.9480437815,0.00860522410795
114.91992863,225,-24.9199286299,22.544001318,0.00860522410795
114.91992863,230.625,-24.9199286299,21.2197117075,0.00860522410795
114.91992863,236.25,-24.9199286299,19.9700729614,0.00860522410795
114.91992863,241.875,-24.9199286299,18.7608888091,0.00860522410795
114.91992863,247.5,-24.9199286299,17.5303723522,0.00860522410795
114.91992863,253.125,-24.9199286299,16.2101999406,0.00860522410795
114.91992863,258.75,-24.9199286299,14.764064404,0.00860522410795
114.91992863,264.375,-24.9199286299,13.2283600922,0.00860522410795
114.91992863,270,-24.9199286299,11.7311572063,0.00860522410795
114.91992863,275.625,-24.9199286299,10.4713129024,0.00860522410795
114.91992863,281.25,-24.9199286299,9.66019062659,0.00860522410795
114.91992863,286.875,-24.9199286299,9.45127007502,0.00860522410795
114.91992863,292.5,-24.9199286299,9.89047846301,0.00860522410795
114.91992863,298.125,-24.9199286299,10.9067494237,0.00860522410795
114.91992863,303.75,-24.9199286299,12.3402575974,0.00860522410795
114.91992863,309.375,-24.9199286299,13.9919267779,0.00860522410795
114.91992863,315,-24.9199286299,15.6767464707,0.00860522410795
114.91992863,320.625,-24.9199286299,17.2665406961,0.00860522410795
114.91992863,326.25,-24.9199286299,18.7086079215,0.00860522410795
114.91992863,331.875,-24.9199286299,20.0106690562,0.00860522410795
114.91992863,337.5,-24.9199286299,21.1977524452,0.00860522410795
114.91992863,343.125,-24.9199286299,22.2668302745,0.00860522410795
114.91992863,348.75,-24.9199286299,23.1709151308,0.00860522410795
114.91992863,354.375,-24.9199286299,23.8447497608,0.00860522410795
109.382231346,0,-19.3822313464,25.1055054972,0.00895097460968
109.382231346,5.625,-19.3822313464,25.3950186188,0.00895097460968
109.382231346,11.25,-19.3822313464,25.4253354126,0.00895097460968
109.382231346,16.875,-19.3822313464,25.2991543964,0.00895097460968
109.382231346,22.5,-19.3822313464,25.1498185041,0.00895097460968
109.382231346,28.125,-19.3822313464,25.1336823328,0.00895097460968
109.382231346,33.75,-19.3822313464,25.4170769553,0.00895097460968
109.382231346,39.375,-19.3822313464,26.1423793742,0.00895097460968
109.382231346,45,-19.3822313464,27.3784880066,0.00895097460968
109.382231346,50.625,-19.3822313464,29.0844381608,0.00895097460968
109.382231346,56.25,-19.3822313464,31.1160996417,0.00895097460968
109.382231346,61.875,-19.3822313464,33.2788826425,0.00895097460968
109.382231346,67.5,-19.3822313464,35.3939944284,0.00895097460968
109.382231346,73.125,-19.3822313464,37.3333027568,0.00895097460968
109.382231346,78.75,-19.3822313464,39.0041674634,0.00895097460968
109.382231346,84.375,-19.3822313464,40.3122954924,0.00895097460968
109.382231346,90,-19.3822313464,41.1548066102,0.00895097460968
109.382231346,95.625,-19.3822313464,41.4682382816,0.00895097460968
109.382231346,101.25,-19.3822313464,41.296545525,0.00895097460968
109.382231346,106.875,-19.3822313464,40.8099634616,0.00895097460968
109.382231346,112.5,-19.3822313464,40.237651131,0.00895097460968
109.382231346,118.125,-19.3822313464,39.7519466852,0.00895097460968
109.382231346,123.75,-19.3822313464,39.3888609689,0.00895097460968
109.382231346,129.375,-19.3822313464,39.0604637091,0.00895097460968
109.382231346,135,-19.3822313464,38.6371568718,0.00895097460968
109.382231346,140.625,-19.3822313464,38.0265656559,0.00895097460968
109.382231346,146.25,-19.3822313464,37.1958550582,0.00895097460968
109.382231346,151.875,-19.3822313464,36.1464512105,0.00895097460968
109.382231346,157.5,-19.3822313464,34.8878504327,0.00895097460968
109.382231346,163.125,-19.3822313464,33.4393872596,0.00895097460968
109.382231346,168.75,-19.3822313464,31.8465937779,0.00895097460968
109.382231346,174.375,-19.3822313464,30.1820844997,0.00895097460968
109.382231346,180,-19.3822313464,28.5220987098,0.00895097460968
109.382231346,185.625,-19.3822313464,26.9179537489,0.00895097460968
109.382231346,191.25,-19.3822313464,25.3850387776,0.00895097460968
109.382231346,196.875,-19.3822313464,23.9127327743,0.00895097460968
109.382231346,202.5,-19.3822313464,22.4821201045,0.00895097460968
109.382231346,208.125,-19.3822313464,21.0794524071,0.00895097460968
109.382231346,213.75,-19.3822313464,19.7032629913,0.00895097460968
109.382231346,219.375,-19.3822313464,18.3670357939,0.00895097460968
109.382231346,225,-19.3822313464,17.0957929552,0.00895097460968
109.382231346,230.625,-19.3822313464,15.9133550688,0.00895097460968
109.382231346,236.25,-19.3822313464,14.822692471,0.00895097460968
109.382231346,241.875,-19.3822313464,13.7898998237,0.00895097460968
109.382231346,247.5,-19.3822313464,12.7452149791,0.00895097460968
109.382231346,253.125,-19.3822313464,11.609040002,0.00895097460968
109.382231346,258.75,-19.3822313464,10.3384404701,0.00895097460968
109.382231346,264.375,-19.3822313464,8.97450056974,0.00895097460968
109.382231346,270,-19.3822313464,7.66214753004,0.00895097460968
109.382231346,275.625,-19.3822313464,6.62225988196,0.00895097460968
109.382231346,281.25,-19.3822313464,6.08186275969,0.00895097460968
109.382231346,286.875,-19.3822313464,6.19539736218,0.00895097460968
109.382231346,292.5,-19.3822313464,6.99590965553,0.00895097460968
109.382231346,298.125,-19.3822313464,8.39413323173,0.00895097460968
109.382231346,303.75,-19.3822313464,10.2150720345,0.00895097460968
109.382231346,309.375,-19.3822313464,12.2494457121,0.00895097460968
109.382231346,315,-19.3822313464,14.3039439769,0.00895097460968
109.382231346,320.625,-19.3822313464,16.2422735217,0.00895097460968
109.382231346,326.25,-19.3822313464,18.0066400152,0.00895097460968
109.382231346,331.875,-19.3822313464,19.6065455363,0.00895097460968
109.382231346,337.5,-19.3822313464,21.0749050648,0.00895097460968
109.382231346,343.125,-19.3822313464,22.4163568444,0.00895097460968
109.382231346,348.75,-19.3822313464,23.5838601356,0.00895097460968
109.382231346,354.375,-19.3822313464,24.5001720993,0.00895097460968
103.844483734,0,-13.8444837344,24.8577128375,0.0092131523354
103.844483734,5.625,-13.8444837344,25.1982913251,0.0092131523354
103.844483734,11.25,-13.8444837344,25.2047026071,0.0092131523354
103.844483734,16.875,-13.8444837344,24.9336116675,0.0092131523354
103.844483734,22.5,-13.8444837344,24.4902048169,0.0092131523354
103.844483734,28.125,-13.8444837344,24.0353219493,0.0092131523354
103.844483734,33.75,-13.8444837344,23.7696207943,0.0092131523354
103.844483734,39.375,-13.8444837344,23.883013221,0.0092131523354
103.844483734,45,-13.8444837344,24.487587972,0.0092131523354
103.844483734,50.625,-13.8444837344,25.5731183325,0.0092131523354
103.844483734,56.25,-13.8444837344,27.0156254296,0.0092131523354
103.844483734,61.875,-13.8444837344,28.6353769912,0.0092131523354
103.844483734,67.5,-13.8444837344,30.2655411413,0.0092131523354
103.844483734,73.125,-13.8444837344,31.7845627617,0.0092131523354
103.844483734,78.75,-13.8444837344,33.0957797677,0.0092131523354
103.844483734,84.375,-13.8444837344,34.0873421896,0.0092131523354
103.844483734,90,-13.8444837344,34.6304342844,0.0092131523354
103.844483734,95.625,-13.8444837344,34.6422766138,0.0092131523354
103.844483734,101.25,-13.8444837344,34.1714989149,0.0092131523354
103.844483734,106.875,-13.8444837344,33.4223241464,0.0092131523354
103.844483734,112.5,-13.8444837344,32.6712061887,0.0092131523354
103.844483734,118.125,-13.8444837344,32.121312815,0.0092131523354
103.844483734,123.75,-13.8444837344,31.8009839532,0.0092131523354
103.844483734,129.375,-13.8444837344,31.5792451967,0.0092131523354
103.844483734,135,-13.8444837344,31.2735112913,0.0092131523354
103.844483734,140.625,-13.8444837344,30.7556618533,0.0092131523354
103.844483734,146.25,-13.8444837344,29.9841365329,0.0092131523354
103.844483734,151.875,-13.8444837344,28.9692858639,0.0092131523354
103.844483734,157.5,-13.8444837344,27.7322040941,0.0092131523354
103.844483734,163.125,-13.8444837344,26.2993736047,0.0092131523354
103.844483734,168.75,-13.8444837344,24.7217422996,0.0092131523354
103.844483734,174.375,-13.8444837344,23.0808932397,0.0092131523354
103.844483734,180,-13.8444837344,21.4665255654,0.0092131523354
103.844483734,185.625,-13.8444837344,19.943580364,0.0092131523354
103.844483734,191.25,-13.8444837344,18.5350206163,0.0092131523354
103.844483734,196.875,-13.8444837344,17.2274396182,0.0092131523354
103.844483734,202.5,-13.8444837344,15.9888630736,0.0092131523354
103.844483734,208.125,-13.8444837344,14.7873935459,0.0092131523354
103.844483734,213.75,-13.8444837344,13.6064339033,0.0092131523354
103.844483734,219.375,-13.8444837344,12.4534057697,0.0092131523354
103.844483734,225,-13.8444837344,11.3559130978,0.0092131523354
103.844483734,230.625,-13.8444837344,10.3426337768,0.0092131523354
103.844483734,236.25,-13.8444837344,9.41702638445,0.0092131523354
103.844483734,241.875,-13.8444837344,8.54014877644,0.0092131523354
103.844483734,247.5,-13.8444837344,7.63671643342,0.0092131523354
103.844483734,253.125,-13.8444837344,6.62797212686,0.0092131523354
103.844483734,258.75,-13.8444837344,5.48165025355,0.0092131523354
103.844483734,264.375,-13.8444837344,4.25709868843,0.0092131523354
103.844483734,270,-13.8444837344,3.11824095678,0.0092131523354
103.844483734,275.625,-13.8444837344,2.29757645515,0.0092131523354
103.844483734,281.25,-13.8444837344,2.02163367126,0.0092131523354
103.844483734,286.875,-13.8444837344,2.43455118347,0.0092131523354
103.844483734,292.5,-13.8444837344,3.55786417636,0.0092131523354
103.844483734,298.125,-13.8444837344,5.29793423288,0.0092131523354
103.844483734,303.75,-13.8444837344,7.48289186857,0.0092131523354
103.844483734,309.375,-13.8444837344,9.90514980296,0.0092131523354
103.844483734,315,-13.8444837344,12.3610493477,0.0092131523354
103.844483734,320.625,-13.8444837344,14.6895540386,0.0092131523354
103.844483734,326.25,-13.8444837344,16.8024911787,0.0092131523354
103.844483734,331.875,-13.8444837344,18.6867694322,0.0092131523354
103.844483734,337.5,-13.8444837344,20.3694850434,0.0092131523354
103.844483734,343.125,-13.8444837344,21.8664965251,0.0092131523354
103.844483734,348.75,-13.8444837344,23.151822145,0.0092131523354
103.844483734,354.375,-13.8444837344,24.1674045332,0.0092131523354
98.3067028565,0,-8.30670285652,22.8899134147,0.00938930938749
98.3067028565,5.625,-8.30670285652,23.1726563115,0.00938930938749
98.3067028565,11.25,-8.30670285652,23.1051033502,0.00938930938749
98.3067028565,16.875,-8.30670285652,22.6914716491,0.00938930938749
98.3067028565,22.5,-8.30670285652,21.9945591783,0.00938930938749
98.3067028565,28.125,-8.30670285652,21.1645598181,0.00938930938749
98.3067028565,33.75,-8.30670285652,20.4230525857,0.00938930938749
98.3067028565,39.375,-8.30670285652,19.9951232154,0.00938930938749
98.3067028565,45,-8.30670285652,20.0246902951,0.00938930938749
98.3067028565,50.625,-8.30670285652,20.5245129608,0.00938930938749
98.3067028565,56.25,-8.30670285652,21.3898716443,0.00938930938749
98.3067028565,61.875,-8.30670285652,22.4624129954,0.00938930938749
98.3067028565,67.5,-8.30670285652,23.5984129248,0.00938930938749
98.3067028565,73.125,-8.30670285652,24.6952062073,0.00938930938749
98.3067028565,78.75,-8.30670285652,25.6640266997,0.00938930938749
98.3067028565,84.375,-8.30670285652,26.3866065135,0.00938930938749
98.3067028565,90,-8.30670285652,26.716418109,0.00938930938749
98.3067028565,95.625,-8.30670285652,26.5519342479,0.00938930938749
98.3067028565,101.25,-8.30670285652,25.9355193519,0.00938930938749
98.3067028565,106.875,-8.30670285652,25.0847577747,0.00938930938749
98.3067028565,112.5,-8.30670285652,24.3012446044,0.00938930938749
98.3067028565,118.125,-8.30670285652,23.8046191046,0.00938930938749
98.3067028565,123.75,-8.30670285652,23.6128956792,0.00938930938749
98.3067028565,129.375,-8.30670285652,23.5577531558,0.00938930938749
98.3067028565,135,-8.30670285652,23.4113012017,0.00938930938749
98.3067028565,140.625,-8.30670285652,23.0155627251,0.00938930938749
98.3067028565,146.25,-8.30670285652,22.3246404833,0.00938930938749
98.3067028565,151.875,-8.30670285652,21.362025878,0.00938930938749
98.3067028565,157.5,-8.30670285652,20.1637751811,0.00938930938749
98.3067028565,163.125,-8.30670285652,18.7640485542,0.00938930938749
98.3067028565,168.75,-8.30670285652,17.2167946483,0.00938930938749
98.3067028565,174.375,-8.30670285652,15.6102047715,0.00938930938749
98.3067028565,180,-8.30670285652,14.0485727878,0.00938930938749
98.3067028565,185.625,-8.30670285652,12.6152531282,0.00938930938749
98.3067028565,191.25,-8.30670285652,11.3456141368,0.00938930938749
98.3067028565,196.875,-8.30670285652,10.2243930171,0.00938930938749
98.3067028565,202.5,-8.30670285652,9.20305409003,0.00938930938749
98.3067028565,208.125,-8.30670285652,8.2266966411,0.00938930938749
98.3067028565,213.75,-8.30670285652,7.26075278458,0.00938930938749
98.3067028565,219.375,-8.30670285652,6.306130194,0.00938930938749
98.3067028565,225,-8.30670285652,5.39233726583,0.00938930938749
98.3067028565,230.625,-8.30670285652,4.54948478418,0.00938930938749
98.3067028565,236.25,-8.30670285652,3.77604105482,0.00938930938749
98.3067028565,241.875,-8.30670285652,3.02465242153,0.00938930938749
98.3067028565,247.5,-8.30670285652,2.21781835073,0.00938930938749
98.3067028565,253.125,-8.30670285652,1.28846269905,0.00938930938749
98.3067028565,258.75,-8.30670285652,0.228484428084,0.00938930938749
98.3067028565,264.375,-8.30670285652,-0.876754363757,0.00938930938749
98.3067028565,270,-8.30670285652,-1.84864311614,0.00938930938749
98.3067028565,275.625,-8.30670285652,-2.45844515033,0.00938930938749
98.3067028565,281.25,-8.30670285652,-2.49782204341,0.00938930938749
98.3067028565,286.875,-8.30670285652,-1.84183012083,0.00938930938749
98.3067028565,292.5,-8.30670285652,-0.474724174215,0.00938930938749
98.3067028565,298.125,-8.30670285652,1.52240641346,0.00938930938749
98.3067028565,303.75,-8.30670285652,3.9990888125,0.00938930938749
98.3067028565,309.375,-8.30670285652,6.75956554267,0.00938930938749
98.3067028565,315,-8.30670285652,9.58784547571,0.00938930938749
98.3067028565,320.625,-8.30670285652,12.2857575074,0.00938930938749
98.3067028565,326.25,-8.30670285652,14.7164375356,0.00938930938749
98.3067028565,331.875,-8.30670285652,16.8251126119,0.00938930938749
98.3067028565,337.5,-8.30670285652,18.6190643006,0.00938930938749
98.3067028565,343.125,-8.30670285652,20.1229239368,0.00938930938749
98.3067028565,348.75,-8.30670285652,21.3451387376,0.00938930938749
98.3067028565,354.375,-8.30670285652,22.2740146336,0.00938930938749
92.7689030077,0,-2.76890300774,18.8658522185,0.00947780102671
92.7689030077,5.625,-2.76890300774,18.9906060499,0.00947780102671
92.7689030077,11.25,-2.76890300774,18.8041574414,0.00947780102671
92.7689030077,16.875,-2.76890300774,18.2626962544,0.00947780102671
92.7689030077,22.5,-2.76890300774,17.3791206579,0.00947780102671
92.7689030077,28.125,-2.76890300774,16.2780532994,0.00947780102671
92.7689030077,33.75,-2.76890300774,15.1851120873,0.00947780102671
92.7689030077,39.375,-2.76890300774,14.3453724328,0.00947780102671
92.7689030077,45,-2.76890300774,13.9224343976,0.00947780102671
92.7689030077,50.625,-2.76890300774,13.9431513344,0.00947780102671
92.7689030077,56.25,-2.76890300774,14.3167387802,0.00947780102671
92.7689030077,61.875,-2.76890300774,14.9050274653,0.00947780102671
92.7689030077,67.5,-2.76890300774,15.5907638545,0.00947780102671
92.7689030077,73.125,-2.76890300774,16.2983393091,0.00947780102671
92.7689030077,78.75,-2.76890300774,16.9598575653,0.00947780102671
92.7689030077,84.375,-2.76890300774,17.4669927901,0.00947780102671
92.7689030077,90,-2.76890300774,17.6705702373,0.00947780102671
92.7689030077,95.625,-2.76890300774,17.4564161742,0.00947780102671
92.7689030077,101.25,-2.76890300774,16.8515113836,0.00947780102671
92.7689030077,106.875,-2.76890300774,16.0636689108,0.00947780102671
92.7689030077,112.5,-2.76890300774,15.3928597366,0.00947780102671
92.7689030077,118.125,-2.76890300774,15.058381424,0.00947780102671
92.7689030077,123.75,-2.76890300774,15.068229153,0.00947780102671
92.7689030077,129.375,-2.76890300774,15.2300945563,0.00947780102671
92.7689030077,135,-2.76890300774,15.2862492618,0.00947780102671
92.7689030077,140.625,-2.76890300774,15.057704511,0.00947780102671
92.7689030077,146.25,-2.76890300774,14.4952222537,0.00947780102671
92.7689030077,151.875,-2.76890300774,13.6325807021,0.00947780102671
92.7689030077,157.5,-2.76890300774,12.5176666352,0.00947780102671
92.7689030077,163.125,-2.76890300774,11.1894735465,0.00947780102671
92.7689030077,168.75,-2.76890300774,9.70189028075,0.00947780102671
92.7689030077,174.375,-2.76890300774,8.1473481775,0.00947780102671
92.7689030077,180,-2.76890300774,6.64483594417,0.00947780102671
92.7689030077,185.625,-2.76890300774,5.29890207319,0.00947780102671
92.7689030077,191.25,-2.76890300774,4.16072009774,0.00947780102671
92.7689030077,196.875,-2.76890300774,3.21491931154,0.00947780102671
92.7689030077,202.5,-2.76890300774,2.39622395323,0.00947780102671
92.7689030077,208.125,-2.76890300774,1.62607897452,0.00947780102671
92.7689030077,213.75,-2.76890300774,0.851942427466,0.00947780102671
92.7689030077,219.375,-2.76890300774,0.068488040559,0.00947780102671
92.7689030077,225,-2.76890300774,-0.693211183663,0.00947780102671
92.7689030077,230.625,-2.76890300774,-1.40244812451,0.00947780102671
92.7689030077,236.25,-2.76890300774,-2.0656425741,0.00947780102671
92.7689030077,241.875,-2.76890300774,-2.73590934942,0.00947780102671
92.7689030077,247.5,-2.76890300774,-3.48737551695,0.00947780102671
92.7689030077,253.125,-2.76890300774,-4.3685117148,0.00947780102671
92.7689030077,258.75,-2.76890300774,-5.35848744016,0.00947780102671
92.7689030077,264.375,-2.76890300774,-6.34734872474,0.00947780102671
92.7689030077,270,-2.76890300774,-7.15132155111,0.00947780102671
92.7689030077,275.625,-2.76890300774,-7.56039751369,0.00947780102671
92.7689030077,281.25,-2.76890300774,-7.39804519618,0.00947780102671
92.7689030077,286.875,-2.76890300774,-6.5640775281,0.00947780102671
92.7689030077,292.5,-2.76890300774,-5.04437873713,0.00947780102671
92.7689030077,298.125,-2.76890300774,-2.89801103813,0.00947780102671
92.7689030077,303.75,-2.76890300774,-0.245576334973,0.00947780102671
92.7689030077,309.375,-2.76890300774,2.7335258452,0.00947780102671
92.7689030077,315,-2.76890300774,5.81315764161,0.00947780102671
92.7689030077,320.625,-2.76890300774,8.76032794021,0.00947780102671
92.7689030077,326.25,-2.76890300774,11.3913414566,0.00947780102671
92.7689030077,331.875,-2.76890300774,13.6080069593,0.00947780102671
92.7689030077,337.5,-2.76890300774,15.3911602767,0.00947780102671
92.7689030077,343.125,-2.76890300774,16.7665415809,0.00947780102671
92.7689030077,348.75,-2.76890300774,17.7756364447,0.00947780102671
92.7689030077,354.375,-2.76890300774,18.4632219825,0.00947780102671
87.2310969923,0,2.76890300774,12.8532620033,0.00947780102671
87.2310969923,5.625,2.76890300774,12.7643039582,0.00947780102671
87.2310969923,11.25,2.76890300774,12.4364318615,0.00947780102671
87.2310969923,16.875,2.76890300774,11.7919467099,0.00947780102671
87.2310969923,22.5,2.76890300774,10.7965177884,0.00947780102671
87.2310969923,28.125,2.76890300774,9.53945243824,0.00947780102671
87.2310969923,33.75,2.76890300774,8.23411329335,0.00947780102671
87.2310969923,39.375,2.76890300774,7.13044232455,0.00947780102671
87.2310969923,45,2.76890300774,6.40171098137,0.00947780102671
87.2310969923,50.625,2.76890300774,6.08269988616,0.00947780102671
87.2310969923,56.25,2.76890300774,6.0910102743,0.00947780102671
87.2310969923,61.875,2.76890300774,6.30258219927,0.00947780102671
87.2310969923,67.5,2.76890300774,6.62211922148,0.00947780102671
87.2310969923,73.125,2.76890300774,7.00164816714,0.00947780102671
87.2310969923,78.75,2.76890300774,7.40227222331,0.00947780102671
87.2310969923,84.375,2.76890300774,7.74072780451,0.00947780102671
87.2310969923,90,2.76890300774,7.88252533551,0.00947780102671
87.2310969923,95.625,2.76890300774,7.71200763219,0.00947780102671
87.2310969923,101.25,2.76890300774,7.23787586315,0.00947780102671
87.2310969923,106.875,2.76890300774,6.64019669712,0.00947780102671
87.2310969923,112.5,2.76890300774,6.19337139833,0.00947780102671
87.2310969923,118.125,2.76890300774,6.10096326568,0.00947780102671
87.2310969923,123.75,2.76890300774,6.36353245517,0.00947780102671
87.2310969923,129.375,2.76890300774,6.78223914785,0.00947780102671
87.2310969923,135,2.76890300774,7.08896607305,0.00947780102671
87.2310969923,140.625,2.76890300774,7.09303575371,0.00947780102671
87.2310969923,146.25,2.76890300774,6.73827868555,0.00947780102671
87.2310969923,151.875,2.76890300774,6.0583480026,0.00947780102671
87.2310969923,157.5,2.76890300774,5.10345567749,0.00947780102671
87.2310969923,163.125,2.76890300774,3.9120688917,0.00947780102671
87.2310969923,168.75,2.76890300774,2.53537200449,0.00947780102671
87.2310969923,174.375,2.76890300774,1.06771715634,0.00947780102671
87.2310969923,180,2.76890300774,-0.359767656716,0.00947780102671
87.2310969923,185.625,2.76890300774,-1.62297664223,0.00947780102671
87.2310969923,191.25,2.76890300774,-2.6542580862,0.00947780102671
87.2310969923,196.875,2.76890300774,-3.4655581897,0.00947780102671
87.2310969923,202.5,2.76890300774,-4.13328737781,0.00947780102671
87.2310969923,208.125,2.76890300774,-4.75416756777,0.00947780102671
87.2310969923,213.75,2.76890300774,-5.39596105739,0.00947780102671
87.2310969923,219.375,2.76890300774,-6.0711205769,0.00947780102671
87.2310969923,225,2.76890300774,-6.74927045802,0.00947780102671
87.2310969923,230.625,2.76890300774,-7.39855758733,0.00947780102671
87.2310969923,236.25,2.76890300774,-8.02438889093,0.00947780102671
87.2310969923,241.875,2.76890300774,-8.67601828647,0.00947780102671
87.2310969923,247.5,2.76890300774,-9.41563309288,0.00947780102671
87.2310969923,253.125,2.76890300774,-10.2700186078,0.00947780102671
87.2310969923,258.75,2.76890300774,-11.1932369351,0.00947780102671
87.2310969923,264.375,2.76890300774,-12.0598152256,0.00947780102671
87.2310969923,270,2.76890300774,-12.6919372692,0.00947780102671
87.2310969923,275.625,2.76890300774,-12.9082322914,0.00947780102671
87.2310969923,281.25,2.76890300774,-12.5705549455,0.00947780102671
87.2310969923,286.875,2.76890300774,-11.606880466,0.00947780102671
87.2310969923,292.5,2.76890300774,-10.0074389281,0.00947780102671
87.2310969923,298.125,2.76890300774,-7.8138117579,0.00947780102671
87.2310969923,303.75,2.76890300774,-5.12221842761,0.00947780102671
87.2310969923,309.375,2.76890300774,-2.09690341254,0.00947780102671
87.2310969923,315,2.76890300774,1.03475389441,0.00947780102671
87.2310969923,320.625,2.76890300774,4.02461929378,0.00947780102671
87.2310969923,326.25,2.76890300774,6.66584128352,0.00947780102671
87.2310969923,331.875,2.76890300774,8.83409646128,0.00947780102671
87.2310969923,337.5,2.76890300774,10.4875501258,0.00947780102671
87.2310969923,343.125,2.76890300774,11.643862884,0.00947780102671
87.2310969923,348.75,2.76890300774,12.3627881148,0.00947780102671
87.2310969923,354.375,2.76890300774,12.7348973703,0.00947780102671
81.6932971435,0,8.30670285652,5.28999576572,0.00938930938749
81.6932971435,5.625,8.30670285652,4.98053592635,0.00938930938749
81.6932971435,11.25,8.30670285652,4.51030675503,0.00938930938749
81.6932971435,16.875,8.30670285652,3.7880624635,0.00938930938749
81.6932971435,22.5,8.30670285652,2.74568265939,0.00938930938749
81.6932971435,28.125,8.30670285652,1.43579648507,0.00938930938749
81.6932971435,33.75,8.30670285652,0.0463205089133,0.00938930938749
81.6932971435,39.375,8.30670285652,-1.18311334874,0.00938930938749
81.6932971435,45,8.30670285652,-2.07903792502,0.00938930938749
81.6932971435,50.625,8.30670285652,-2.60233345491,0.00938930938749
81.6932971435,56.25,8.30670285652,-2.82969070892,0.00938930938749
81.6932971435,61.875,8.30670285652,-2.87683342067,0.00938930938749
81.6932971435,67.5,8.30670285652,-2.8253737132,0.00938930938749
81.6932971435,73.125,8.30670285652,-2.7022109678,0.00938930938749
81.6932971435,78.75,8.30670285652,-2.51745983725,0.00938930938749
81.6932971435,84.375,8.30670285652,-2.32095237503,0.00938930938749
81.6932971435,90,8.30670285652,-2.21754937118,0.00938930938749
81.6932971435,95.625,8.30670285652,-2.30954189122,0.00938930938749
81.6932971435,101.25,8.30670285652,-2.6003120808,0.00938930938749
81.6932971435,106.875,8.30670285652,-2.94441449003,0.00938930938749
81.6932971435,112.5,8.30670285652,-3.10826646518,0.00938930938749
81.6932971435,118.125,8.30670285652,-2.91572520382,0.00938930938749
81.6932971435,123.75,8.30670285652,-2.37165080548,0.00938930938749
81.6932971435,129.375,8.30670285652,-1.66611130196,0.00938930938749
81.6932971435,135,8.30670285652,-1.05998193337,0.00938930938749
81.6932971435,140.625,8.30670285652,-0.747991297112,0.00938930938749
81.6932971435,146.25,8.30670285652,-0.799438463151,0.00938930938749
81.6932971435,151.875,8.30670285652,-1.19453996849,0.00938930938749
81.6932971435,157.5,8.30670285652,-1.89259676961,0.00938930938749
81.6932971435,163.125,8.30670285652,-2.86109945425,0.00938930938749
81.6932971435,168.75,8.30670285652,-4.05313064838,0.00938930938749
81.6932971435,174.375,8.30670285652,-5.37533556451,0.00938930938749
81.6932971435,180,8.30670285652,-6.69100212596,0.00938930938749
81.6932971435,185.625,8.30670285652,-7.86397747836,0.00938930938749
81.6932971435,191.25,8.30670285652,-8.81338412127,0.00938930938749
81.6932971435,196.875,8.30670285652,-9.54335733484,0.00938930938749
81.6932971435,202.5,8.30670285652,-10.1308625307,0.00938930938749
81.6932971435,208.125,8.30670285652,-10.6797471195,0.00938930938749
81.6932971435,213.75,8.30670285652,-11.2674928954,0.00938930938749
81.6932971435,219.375,8.30670285652,-11.9152205703,0.00938930938749
81.6932971435,225,8.30670285652,-12.5972955815,0.00938930938749
81.6932971435,230.625,8.30670285652,-13.2802498395,0.00938930938749
81.6932971435,236.25,8.30670285652,-13.9600542691,0.00938930938749
81.6932971435,241.875,8.30670285652,-14.6690977519,0.00938930938749
81.6932971435,247.5,8.30670285652,-15.4476947776,0.00938930938749
81.6932971435,253.125,8.30670285652,-16.3000067696,0.00938930938749
81.6932971435,258.75,8.30670285652,-17.1629909282,0.00938930938749
81.6932971435,264.375,8.30670285652,-17.9072441012,0.00938930938749
81.6932971435,270,8.30670285652,-18.3697927517,0.00938930938749
81.6932971435,275.625,8.30670285652,-18.4012845748,0.00938930938749
81.6932971435,281.25,8.30670285652,-17.90219072,0.00938930938749
81.6932971435,286.875,8.30670285652,-16.8314066162,0.00938930938749
81.6932971435,292.5,8.30670285652,-15.1934551483,0.00938930938749
81.6932971435,298.125,8.30670285652,-13.0287758594,0.00938930938749
81.6932971435,303.75,8.30670285652,-10.4244110031,0.00938930938749
81.6932971435,309.375,8.30670285652,-7.53311073737,0.00938930938749
81.6932971435,315,8.30670285652,-4.56930774948,0.00938930938749
81.6932971435,320.625,8.30670285652,-1.76693153138,0.00938930938749
81.6932971435,326.25,8.30670285652,0.678037177226,0.00938930938749
81.6932971435,331.875,8.30670285652,2.64163935785,0.00938930938749
81.6932971435,337.5,8.30670285652,4.07029484683,0.00938930938749
81.6932971435,343.125,8.30670285652,4.96729945929,0.00938930938749
81.6932971435,348.75,8.30670285652,5.39129846898,0.00938930938749
81.6932971435,354.375,8.30670285652,5.45479218896,0.00938930938749
76.1555162656,0,13.8444837344,-3.16070146015,0.0092131523354
76.1555162656,5.625,13.8444837344,-3.66361008255,0.0092131523354
76.1555162656,11.25,13.8444837344,-4.26310667791,0.0092131523354
76.1555162656,16.875,13.8444837344,-5.0428886166,0.0092131523354
76.1555162656,22.5,13.8444837344,-6.08447232997,0.0092131523354
76.1555162656,28.125,13.8444837344,-7.36542555364,0.0092131523354
76.1555162656,33.75,13.8444837344,-8.73253262166,0.0092131523354
76.1555162656,39.375,13.8444837344,-9.97236941814,0.0092131523354
76.1555162656,45,13.8444837344,-10.9229347437,0.0092131523354
76.1555162656,50.625,13.8444837344,-11.5441637329,0.0092131523354
76.1555162656,56.25,13.8444837344,-11.906047069,0.0092131523354
76.1555162656,61.875,13.8444837344,-12.1169827416,0.0092131523354
76.1555162656,67.5,13.8444837344,-12.2510700011,0.0092131523354
76.1555162656,73.125,13.8444837344,-12.3235612169,0.0092131523354
76.1555162656,78.75,13.8444837344,-12.3232654135,0.0092131523354
76.1555162656,84.375,13.8444837344,-12.2668134906,0.0092131523354
76.1555162656,90,13.8444837344,-12.2203268966,0.0092131523354
76.1555162656,95.625,13.8444837344,-12.2575614016,0.0092131523354
76.1555162656,101.25,13.8444837344,-12.3804448365,0.0092131523354
76.1555162656,106.875,13.8444837344,-12.4733718345,0.0092131523354
76.1555162656,112.5,13.8444837344,-12.3482423497,0.0092131523354
76.1555162656,118.125,13.8444837344,-11.8635057192,0.0092131523354
76.1555162656,123.75,13.8444837344,-11.0302929386,0.0092131523354
76.1555162656,129.375,13.8444837344,-10.0217100227,0.0092131523354
76.1555162656,135,13.8444837344,-9.08014807127,0.0092131523354
76.1555162656,140.625,13.8444837344,-8.39925161435,0.0092131523354
76.1555162656,146.25,13.8444837344,-8.06642419297,0.0092131523354
76.1555162656,151.875,13.8444837344,-8.08660899529,0.0092131523354
76.1555162656,157.5,13.8444837344,-8.43762913601,0.0092131523354
76.1555162656,163.125,13.8444837344,-9.0962733016,0.0092131523354
76.1555162656,168.75,13.8444837344,-10.0205587892,0.0092131523354
76.1555162656,174.375,13.8444837344,-11.1221222105,0.0092131523354
76.1555162656,180,13.8444837344,-12.2686173743,0.0092131523354
76.1555162656,185.625,13.8444837344,-13.3240317006,0.0092131523354
76.1555162656,191.25,13.8444837344,-14.2013940479,0.0092131523354
76.1555162656,196.875,13.8444837344,-14.8941112446,0.0092131523354
76.1555162656,202.5,13.8444837344,-15.4681100841,0.0092131523354
76.1555162656,208.125,13.8444837344,-16.0209284239,0.0092131523354
76.1555162656,213.75,13.8444837344,-16.6316809299,0.0092131523354
76.1555162656,219.375,13.8444837344,-17.3296706198,0.0092131523354
76.1555162656,225,13.8444837344,-18.0971311125,0.0092131523354
76.1555162656,230.625,13.8444837344,-18.8991943413,0.0092131523354
76.1555162656,236.25,13.8444837344,-19.7162677672,0.0092131523354
76.1555162656,241.875,13.8444837344,-20.5539523788,0.0092131523354
76.1555162656,247.5,13.8444837344,-21.4233328943,0.0092131523354
76.1555162656,253.125,13.8444837344,-22.3060846901,0.0092131523354
76.1555162656,258.75,13.8444837344,-23.1292310802,0.0092131523354
76.1555162656,264.375,13.8444837344,-23.7682080579,0.0092131523354
76.1555162656,270,13.8444837344,-24.0791902836,0.0092131523354
76.1555162656,275.625,13.8444837344,-23.9429372364,0.0092131523354
76.1555162656,281.25,13.8444837344,-23.2947760193,0.0092131523354
76.1555162656,286.875,13.8444837344,-22.1263604628,0.0092131523354
76.1555162656,292.5,13.8444837344,-20.4684290249,0.0092131523354
76.1555162656,298.125,13.8444837344,-18.3791508675,0.0092131523354
76.1555162656,303.75,13.8444837344,-15.9523078529,0.0092131523354
76.1555162656,309.375,13.8444837344,-13.3318442178,0.0092131523354
76.1555162656,315,13.8444837344,-10.7051421933,0.0092131523354
76.1555162656,320.625,13.8444837344,-8.26614989475,0.0092131523354
76.1555162656,326.25,13.8444837344,-6.17204543011,0.0092131523354
76.1555162656,331.875,13.8444837344,-4.52435753472,0.0092131523354
76.1555162656,337.5,13.8444837344,-3.37653577542,0.0092131523354
76.1555162656,343.125,13.8444837344,-2.74018395362,0.0092131523354
76.1555162656,348.75,13.8444837344,-2.57163806409,0.0092131523354
76.1555162656,354.375,13.8444837344,-2.76064188447,0.0092131523354
70.6177686536,0,19.3822313464,-11.7832198299,0.00895097460968
70.6177686536,5.625,19.3822313464,-12.4317826596,0.00895097460968
70.6177686536,11.25,19.3822313464,-13.1344021809,0.00895097460968
70.6177686536,16.875,19.3822313464,-13.951458515,0.00895097460968
70.6177686536,22.5,19.3822313464,-14.9576497472,0.00895097460968
70.6177686536,28.125,19.3822313464,-16.1502098595,0.00895097460968
70.6177686536,33.75,19.3822313464,-17.4156295983,0.00895097460968
70.6177686536,39.375,19.3822313464,-18.5814901047,0.00895097460968
70.6177686536,45,19.3822313464,-19.5106334059,0.00895097460968
70.6177686536,50.625,19.3822313464,-20.1665571667,0.00895097460968
70.6177686536,56.25,19.3822313464,-20.6090379393,0.00895097460968
70.6177686536,61.875,19.3822313464,-20.9342260396,0.00895097460968
70.6177686536,67.5,19.3822313464,-21.2087683081,0.00895097460968
70.6177686536,73.125,19.3822313464,-21.4430166332,0.00895097460968
70.6177686536,78.75,19.3822313464,-21.6143063626,0.00895097460968
70.6177686536,84.375,19.3822313464,-21.7126772801,0.00895097460968
70.6177686536,90,19.3822313464,-21.7638668116,0.00895097460968
70.6177686536,95.625,19.3822313464,-21.8027619764,0.00895097460968
70.6177686536,101.25,19.3822313464,-21.8156197967,0.00895097460968
70.6177686536,106.875,19.3822313464,-21.705623046,0.00895097460968
70.6177686536,112.5,19.3822313464,-21.3265917333,0.00895097460968
70.6177686536,118.125,19.3822313464,-20.5740544645,0.00895097460968
70.6177686536,123.75,19.3822313464,-19.4684663599,0.00895097460968
70.6177686536,129.375,19.3822313464,-18.1651836496,0.00895097460968
70.6177686536,135,19.3822313464,-16.8839254066,0.00895097460968
70.6177686536,140.625,19.3822313464,-15.8138430523,0.00895097460968
70.6177686536,146.25,19.3822313464,-15.0611012648,0.00895097460968
70.6177686536,151.875,19.3822313464,-14.6592230497,0.00895097460968
70.6177686536,157.5,19.3822313464,-14.6079780182,0.00895097460968
70.6177686536,163.125,19.3822313464,-14.8944375279,0.00895097460968
70.6177686536,168.75,19.3822313464,-15.4822660474,0.00895097460968
70.6177686536,174.375,19.3822313464,-16.2928377869,0.00895097460968
70.6177686536,180,19.3822313464,-17.208754055,0.00895097460968
70.6177686536,185.625,19.3822313464,-18.1072356181,0.00895097460968
70.6177686536,191.25,19.3822313464,-18.9043578435,0.00895097460968
70.6177686536,196.875,19.3822313464,-19.5831820593,0.00895097460968
70.6177686536,202.5,19.3822313464,-20.1905099827,0.00895097460968
70.6177686536,208.125,19.3822313464,-20.8058154537,0.00895097460968
70.6177686536,213.75,19.3822313464,-21.500077945,0.00895097460968
70.6177686536,219.375,19.3822313464,-22.3059238496,0.00895097460968
70.6177686536,225,19.3822313464,-23.2126844303,0.00895097460968
70.6177686536,230.625,19.3822313464,-24.184538468,0.00895097460968
70.6177686536,236.25,19.3822313464,-25.1857324923,0.00895097460968
70.6177686536,241.875,19.3822313464,-26.1934272205,0.00895097460968
70.6177686536,247.5,19.3822313464,-27.1886588025,0.00895097460968
70.6177686536,253.125,19.3822313464,-28.1324630985,0.00895097460968
70.6177686536,258.75,19.3822313464,-28.9461292013,0.00895097460968
70.6177686536,264.375,19.3822313464,-29.5135926111,0.00895097460968
70.6177686536,270,19.3822313464,-29.7098631102,0.00895097460968
70.6177686536,275.625,19.3822313464,-29.4408238907,0.00895097460968
70.6177686536,281.25,19.3822313464,-28.6706422211,0.00895097460968
70.6177686536,286.875,19.3822313464,-27.4224896882,0.00895097460968
70.6177686536,292.5,19.3822313464,-25.7599527155,0.00895097460968
70.6177686536,298.125,19.3822313464,-23.7704875179,0.00895097460968
70.6177686536,303.75,19.3822313464,-21.5637874086,0.00895097460968
70.6177686536,309.375,19.3822313464,-19.2757680723,0.00895097460968
70.6177686536,315,19.3822313464,-17.0589223613,0.00895097460968
70.6177686536,320.625,19.3822313464,-15.0554190731,0.00895097460968
70.6177686536,326.25,19.3822313464,-13.3724438213,0.00895097460968
70.6177686536,331.875,19.3822313464,-12.0795933137,0.00895097460968
70.6177686536,337.5,19.3822313464,-11.2217920231,0.00895097460968
70.6177686536,343.125,19.3822313464,-10.8203242813,0.00895097460968
70.6177686536,348.75,19.3822313464,-10.8497702582,0.00895097460968
70.6177686536,354.375,19.3822313464,-11.217074455,0.00895097460968
65.0800713701,0,24.9199286299,-19.9539069328,0.00860522410795
65.0800713701,5.625,24.9199286299,-20.683737889,0.00860522410795
65.0800713701,11.25,24.9199286299,-21.4456171911,0.00860522410795
65.0800713701,16.875,24.9199286299,-22.270414743,0.00860522410795
65.0800713701,22.5,24.9199286299,-23.2128296662,0.00860522410795
65.0800713701,28.125,24.9199286299,-24.2797687806,0.00860522410795
65.0800713701,33.75,24.9199286299,-25.3976875487,0.00860522410795
65.0800713701,39.375,24.9199286299,-26.444544427,0.00860522410795
65.0800713701,45,24.9199286299,-27.3188390882,0.00860522410795
65.0800713701,50.625,24.9199286299,-27.9921466903,0.00860522410795
65.0800713701,56.25,24.9199286299,-28.5101090878,0.00860522410795
65.0800713701,61.875,24.9199286299,-28.948453838,0.00860522410795
65.0800713701,67.5,24.9199286299,-29.3605377625,0.00860522410795
65.0800713701,73.125,24.9199286299,-29.7524963635,0.00860522410795
65.0800713701,78.75,24.9199286299,-30.0968821563,0.00860522410795
65.0800713701,84.375,24.9199286299,-30.365628463,0.00860522410795
65.0800713701,90,24.9199286299,-30.54929065,0.00860522410795
65.0800713701,95.625,24.9199286299,-30.6426843033,0.00860522410795
65.0800713701,101.25,24.9199286299,-30.6092133204,0.00860522410795
65.0800713701,106.875,24.9199286299,-30.3613753158,0.00860522410795
65.0800713701,112.5,24.9199286299,-29.7878820532,0.00860522410795
65.0800713701,118.125,24.9199286299,-28.8194872117,0.00860522410795
65.0800713701,123.75,24.9199286299,-27.4882547347,0.00860522410795
65.0800713701,129.375,24.9199286299,-25.934503965,0.00860522410795
65.0800713701,135,24.9199286299,-24.3551689688,0.00860522410795
65.0800713701,140.625,24.9199286299,-22.9315824808,0.00860522410795
65.0800713701,146.25,24.9199286299,-21.7842396028,0.00860522410795
65.0800713701,151.875,24.9199286299,-20.9719349557,0.00860522410795
65.0800713701,157.5,24.9199286299,-20.5148661432,0.00860522410795
65.0800713701,163.125,24.9199286299,-20.4103284774,0.00860522410795
65.0800713701,168.75,24.9199286299,-20.6292976937,0.00860522410795
65.0800713701,174.375,24.9199286299,-21.1074369916,0.00860522410795
65.0800713701,180,24.9199286299,-21.7502889951,0.00860522410795
65.0800713701,185.625,24.9199286299,-22.4581635911,0.00860522410795
65.0800713701,191.25,24.9199286299,-23.158526984,0.00860522410795
65.0800713701,196.875,24.9199286299,-23.8277511483,0.00860522410795
65.0800713701,202.5,24.9199286299,-24.491272395,0.00860522410795
65.0800713701,208.125,24.9199286299,-25.2034002861,0.00860522410795
65.0800713701,213.75,24.9199286299,-26.0174914313,0.00860522410795
65.0800713701,219.375,24.9199286299,-26.9606446634,0.00860522410795
65.0800713701,225,24.9199286299,-28.0239013775,0.00860522410795
65.0800713701,230.625,24.9199286299,-29.1702267603,0.00860522410795
65.0800713701,236.25,24.9199286299,-30.3521779166,0.00860522410795
65.0800713701,241.875,24.9199286299,-31.5253808751,0.00860522410795
65.0800713701,247.5,24.9199286299,-32.6474404458,0.00860522410795
65.0800713701,253.125,24.9199286299,-33.6634882251,0.00860522410795
65.0800713701,258.75,24.9199286299,-34.4916080712,0.00860522410795
65.0800713701,264.375,24.9199286299,-35.0244033285,0.00860522410795
65.0800713701,270,24.9199286299,-35.1529285509,0.00860522410795
65.0800713701,275.625,24.9199286299,-34.8023010184,0.00860522410795
65.0800713701,281.25,24.9199286299,-33.9580853283,0.00860522410795
65.0800713701,286.875,24.9199286299,-32.6687721496,0.00860522410795
65.0800713701,292.5,24.9199286299,-31.0277305747,0.00860522410795
65.0800713701,298.125,24.9199286299,-29.1512080773,0.00860522410795
65.0800713701,303.75,24.9199286299,-27.1649279161,0.00860522410795
65.0800713701,309.375,24.9199286299,-25.1967770157,0.00860522410795
65.0800713701,315,24.9199286299,-23.3657045442,0.00860522410795
65.0800713701,320.625,24.9199286299,-21.7662671894,0.00860522410795
65.0800713701,326.25,24.9199286299,-20.461135729,0.00860522410795
65.0800713701,331.875,24.9199286299,-19.4903467051,0.00860522410795
65.0800713701,337.5,24.9199286299,-18.8862785493,0.00860522410795
65.0800713701,343.125,24.9199286299,-18.6715793531,0.00860522410795
65.0800713701,348.75,24.9199286299,-18.8336119856,0.00860522410795
65.0800713701,354.375,24.9199286299,-19.3004981127,0.00860522410795
59.5424460388,0,30.4575539612,-27.2349799155,0.00817912903462
59.5424460388,5.625,30.4575539612,-27.9704612011,0.00817912903462
59.5424460388,11.25,30.4575539612,-28.7320408255,0.00817912903462
59.5424460388,16.875,30.4575539612,-29.5246713154,0.00817912903462
59.5424460388,22.5,30.4575539612,-30.3798291731,0.00817912903462
59.5424460388,28.125,30.4575539612,-31.3075109495,0.00817912903462
59.5424460388,33.75,30.4575539612,-32.2694961907,0.00817912903462
59.5424460388,39.375,30.4575539612,-33.194383365,0.00817912903462
59.5424460388,45,30.4575539612,-34.0199161554,0.00817912903462
59.5424460388,50.625,30.4575539612,-34.7281665842,0.00817912903462
59.5424460388,56.25,30.4575539612,-35.3483928921,0.00817912903462
59.5424460388,61.875,30.4575539612,-35.9291874774,0.00817912903462
59.5424460388,67.5,30.4575539612,-36.5028951932,0.00817912903462
59.5424460388,73.125,30.4575539612,-37.0668178339,0.00817912903462
59.5424460388,78.75,30.4575539612,-37.5896526866,0.00817912903462
59.5424460388,84.375,30.4575539612,-38.0315809026,0.00817912903462
59.5424460388,90,30.4575539612,-38.3572670913,0.00817912903462
59.5424460388,95.625,30.4575539612,-38.5296680275,0.00817912903462
59.5424460388,101.25,30.4575539612,-38.4926847852,0.00817912903462
59.5424460388,106.875,30.4575539612,-38.1654373875,0.00817912903462
59.5424460388,112.5,30.4575539612,-37.465408744,0.00817912903462
59.5424460388,118.125,30.4575539612,-36.3536953788,0.00817912903462
59.5424460388,123.75,30.4575539612,-34.87320433,0.00817912903462
59.5424460388,129.375,30.4575539612,-33.151136528,0.00817912903462
59.5424460388,135,30.4575539612,-31.361919364,0.00817912903462
59.5424460388,140.625,30.4575539612,-29.6746171467,0.00817912903462
59.5424460388,146.25,30.4575539612,-28.2158502837,0.00817912903462
59.5424460388,151.875,30.4575539612,-27.061697923,0.00817912903462
59.5424460388,157.5,30.4575539612,-26.2484819847,0.00817912903462
59.5424460388,163.125,30.4575539612,-25.783682848,0.00817912903462
59.5424460388,168.75,30.4575539612,-25.6481102318,0.00817912903462
59.5424460388,174.375,30.4575539612,-25.7950347627,0.00817912903462
59.5424460388,180,30.4575539612,-26.1566027577,0.00817912903462
59.5424460388,185.625,30.4575539612,-26.6606788574,0.00817912903462
59.5424460388,191.25,30.4575539612,-27.2515052449,0.00817912903462
59.5424460388,196.875,30.4575539612,-27.9040039097,0.00817912903462
59.5424460388,202.5,30.4575539612,-28.6252026334,0.00817912903462
59.5424460388,208.125,30.4575539612,-29.4427410954,0.00817912903462
59.5424460388,213.75,30.4575539612,-30.3857720077,0.00817912903462
59.5424460388,219.375,30.4575539612,-31.4664260698,0.00817912903462
59.5424460388,225,30.4575539612,-32.6697679463,0.00817912903462
59.5424460388,230.625,30.4575539612,-33.9560896322,0.00817912903462
59.5424460388,236.25,30.4575539612,-35.2723371266,0.00817912903462
59.5424460388,241.875,30.4575539612,-36.5634445715,0.00817912903462
59.5424460388,247.5,30.4575539612,-37.7744522918,0.00817912903462
59.5424460388,253.125,30.4575539612,-38.8420140571,0.00817912903462
59.5424460388,258.75,30.4575539612,-39.6843124811,0.00817912903462
59.5424460388,264.375,30.4575539612,-40.2028078248,0.00817912903462
59.5424460388,270,30.4575539612,-40.3024204171,0.00817912903462
59.5424460388,275.625,30.4575539612,-39.9227279903,0.00817912903462
59.5424460388,281.25,30.4575539612,-39.0628899968,0.00817912903462
59.5424460388,286.875,30.4575539612,-37.7862083176,0.00817912903462
59.5424460388,292.5,30.4575539612,-36.2039862904,0.00817912903462
59.5424460388,298.125,30.4575539612,-34.4503597858,0.00817912903462
59.5424460388,303.75,30.4575539612,-32.6601517096,0.00817912903462
59.5424460388,309.375,30.4575539612,-30.9532939473,0.00817912903462
59.5424460388,315,30.4575539612,-29.4235493792,0.00817912903462
59.5424460388,320.625,30.4575539612,-28.1322164719,0.00817912903462
59.5424460388,326.25,30.4575539612,-27.112055717,0.00817912903462
59.5424460388,331.875,30.4575539612,-26.3820517109,0.00817912903462
59.5424460388,337.5,30.4575539612,-25.9614080893,0.00817912903462
59.5424460388,343.125,30.4575539612,-25.8666395666,0.00817912903462
59.5424460388,348.75,30.4575539612,-26.0896309171,0.00817912903462
59.5424460388,354.375,30.4575539612,-26.5767214133,0.00817912903462
54.0049215887,0,35.9950784113,-33.4088068284,0.00767666776751
54.0049215887,5.625,35.9950784113,-34.0783026643,0.00767666776751
54.0049215887,11.25,35.9950784113,-34.7794074945,0.00767666776751
54.0049215887,16.875,35.9950784113,-35.5007365903,0.00767666776751
54.0049215887,22.5,35.9950784113,-36.2552779337,0.00767666776751
54.0049215887,28.125,35.9950784113,-37.0532068226,0.00767666776751
54.0049215887,33.75,35.9950784113,-37.8831249125,0.00767666776751
54.0049215887,39.375,35.9950784113,-38.715410525,0.00767666776751
54.0049215887,45,35.9950784113,-39.5220730667,0.00767666776751
54.0049215887,50.625,35.9950784113,-40.2949301292,0.00767666776751
54.0049215887,56.25,35.9950784113,-41.0473746705,0.00767666776751
54.0049215887,61.875,35.9950784113,-41.799341292,0.00767666776751
54.0049215887,67.5,35.9950784113,-42.5575452847,0.00767666776751
54.0049215887,73.125,35.9950784113,-43.3046487023,0.00767666776751
54.0049215887,78.75,35.9950784113,-44.0022934075,0.00767666776751
54.0049215887,84.375,35.9950784113,-44.6018390121,0.00767666776751
54.0049215887,90,35.9950784113,-45.0519111057,0.00767666776751
54.0049215887,95.625,35.9950784113,-45.2970665509,0.00767666776751
54.0049215887,101.25,35.9950784113,-45.2727187602,0.00767666776751
54.0049215887,106.875,35.9950784113,-44.9083783615,0.00767666776751
54.0049215887,112.5,35.9950784113,-44.1468985292,0.00767666776751
54.0049215887,118.125,35.9950784113,-42.973842409,0.00767666776751
54.0049215887,123.75,35.9950784113,-41.4395368347,0.00767666776751
54.0049215887,129.375,35.9950784113,-39.6577820894,0.00767666776751
54.0049215887,135,35.9950784113,-37.7796374667,0.00767666776751
54.0049215887,140.625,35.9950784113,-35.9565539333,0.00767666776751
54.0049215887,146.25,35.9950784113,-34.3115844291,0.00767666776751
54.0049215887,151.875,35.9950784113,-32.9282543168,0.00767666776751
54.0049215887,157.5,35.9950784113,-31.8534205847,0.00767666776751
54.0049215887,163.125,35.9950784113,-31.1043123006,0.00767666776751
54.0049215887,168.75,35.9950784113,-30.6736001145,0.00767666776751
54.0049215887,174.375,35.9950784113,-30.5333708684,0.00767666776751
54.0049215887,180,35.9950784113,-30.6418022082,0.00767666776751
54.0049215887,185.625,35.9950784113,-30.9536722757,0.00767666776751
54.0049215887,191.25,35.9950784113,-31.4316731745,0.00767666776751
54.0049215887,196.875,35.9950784113,-32.0539416448,0.00767666776751
54.0049215887,202.5,35.9950784113,-32.8148102211,0.00767666776751
54.0049215887,208.125,35.9950784113,-33.7186040757,0.00767666776751
54.0049215887,213.75,35.9950784113,-34.7688529147,0.00767666776751
54.0049215887,219.375,35.9950784113,-35.9571672996,0.00767666776751
54.0049215887,225,35.9950784113,-37.2566687656,0.00767666776751
54.0049215887,230.625,35.9950784113,-38.6230515453,0.00767666776751
54.0049215887,236.25,35.9950784113,-40.0019217448,0.00767666776751
54.0049215887,241.875,35.9950784113,-41.336532343,0.00767666776751
54.0049215887,247.5,35.9950784113,-42.5694548708,0.00767666776751
54.0049215887,253.125,35.9950784113,-43.6369011497,0.00767666776751
54.0049215887,258.75,35.9950784113,-44.4621059561,0.00767666776751
54.0049215887,264.375,35.9950784113,-44.9578246917,0.00767666776751
54.0049215887,270,35.9950784113,-45.0432561886,0.00767666776751
54.0049215887,275.625,35.9950784113,-44.6701557962,0.00767666776751
54.0049215887,281.25,35.9950784113,-43.8447989453,0.00767666776751
54.0049215887,286.875,35.9950784113,-42.6336700892,0.00767666776751
54.0049215887,292.5,35.9950784113,-41.1503412247,0.00767666776751
54.0049215887,298.125,35.9950784113,-39.5309861932,0.00767666776751
54.0049215887,303.75,35.9950784113,-37.9090623042,0.00767666776751
54.0049215887,309.375,35.9950784113,-36.3960060446,0.00767666776751
54.0049215887,315,35.9950784113,-35.0703105878,0.00767666776751
54.0049215887,320.625,35.9950784113,-33.9760758715,0.00767666776751
54.0049215887,326.25,35.9950784113,-33.1315715745,0.00767666776751
54.0049215887,331.875,35.9950784113,-32.5441836921,0.00767666776751
54.0049215887,337.5,35.9950784113,-32.2219812538,0.00767666776751
54.0049215887,343.125,35.9950784113,-32.171885701,0.00767666776751
54.0049215887,348.75,35.9950784113,-32.3845688826,0.00767666776751
54.0049215887,354.375,35.9950784113,-32.8197572601,0.00767666776751
48.4675387533,0,41.5324612467,-38.4508699001,0.00710253172783
48.4675387533,5.625,41.5324612467,-39.0053399243,0.00710253172783
48.4675387533,11.25,41.5324612467,-39.6044442889,0.00710253172783
48.4675387533,16.875,41.5324612467,-40.2307652865,0.00710253172783
48.4675387533,22.5,41.5324612467,-40.8867094729,0.00710253172783
48.4675387533,28.125,41.5324612467,-41.5818832631,0.00710253172783
48.4675387533,33.75,41.5324612467,-42.3215015118,0.00710253172783
48.4675387533,39.375,41.5324612467,-43.1034403286,0.00710253172783
48.4675387533,45,41.5324612467,-43.9230462111,0.00710253172783
48.4675387533,50.625,41.5324612467,-44.7784805637,0.00710253172783
48.4675387533,56.25,41.5324612467,-45.6701025399,0.00710253172783
48.4675387533,61.875,41.5324612467,-46.5934408142,0.00710253172783
48.4675387533,67.5,41.5324612467,-47.5309057366,0.00710253172783
48.4675387533,73.125,41.5324612467,-48.4481172114,0.00710253172783
48.4675387533,78.75,41.5324612467,-49.2966984258,0.00710253172783
48.4675387533,84.375,41.5324612467,-50.0204452749,0.00710253172783
48.4675387533,90,41.5324612467,-50.560103324,0.00710253172783
48.4675387533,95.625,41.5324612467,-50.8548977135,0.00710253172783
48.4675387533,101.25,41.5324612467,-50.8439061775,0.00710253172783
48.4675387533,106.875,41.5324612467,-50.4727271102,0.00710253172783
48.4675387533,112.5,41.5324612467,-49.7077716529,0.00710253172783
48.4675387533,118.125,41.5324612467,-48.5536444267,0.00710253172783
48.4675387533,123.75,41.5324612467,-47.0640450546,0.00710253172783
48.4675387533,129.375,41.5324612467,-45.3382284532,0.00710253172783
48.4675387533,135,41.5324612467,-43.5028233124,0.00710253172783
48.4675387533,140.625,41.5324612467,-41.6869886807,0.00710253172783
48.4675387533,146.25,41.5324612467,-40.0014373824,0.00710253172783
48.4675387533,151.875,41.5324612467,-38.5276253329,0.00710253172783
48.4675387533,157.5,41.5324612467,-37.3166572935,0.00710253172783
48.4675387533,163.125,41.5324612467,-36.3934811247,0.00710253172783
48.4675387533,168.75,41.5324612467,-35.762446344,0.00710253172783
48.4675387533,174.375,41.5324612467,-35.4129236462,0.00710253172783
48.4675387533,180,41.5324612467,-35.3252407357,0.00710253172783
48.4675387533,185.625,41.5324612467,-35.4767657095,0.00710253172783
48.4675387533,191.25,41.5324612467,-35.8469070819,0.00710253172783
48.4675387533,196.875,41.5324612467,-36.4195697724,0.00710253172783
48.4675387533,202.5,41.5324612467,-37.1823614407,0.00710253172783
48.4675387533,208.125,41.5324612467,-38.1229008904,0.00710253172783
48.4675387533,213.75,41.5324612467,-39.2235279312,0.00710253172783
48.4675387533,219.375,41.5324612467,-40.4565143737,0.00710253172783
48.4675387533,225,41.5324612467,-41.7821475573,0.00710253172783
48.4675387533,230.625,41.5324612467,-43.1509944754,0.00710253172783
48.4675387533,236.25,41.5324612467,-44.5091246217,0.00710253172783
48.4675387533,241.875,41.5324612467,-45.8026049747,0.00710253172783
48.4675387533,247.5,41.5324612467,-46.9776146307,0.00710253172783
48.4675387533,253.125,41.5324612467,-47.9760521617,0.00710253172783
48.4675387533,258.75,41.5324612467,-48.7313865232,0.00710253172783
48.4675387533,264.375,41.5324612467,-49.1715729658,0.00710253172783
48.4675387533,270,41.5324612467,-49.2324598384,0.00710253172783
48.4675387533,275.625,41.5324612467,-48.8779453414,0.00710253172783
48.4675387533,281.25,41.5324612467,-48.1174311375,0.00710253172783
48.4675387533,286.875,41.5324612467,-47.011367063,0.00710253172783
48.4675387533,292.5,41.5324612467,-45.6617550077,0.00710253172783
48.4675387533,298.125,41.5324612467,-44.1918232944,0.00710253172783
48.4675387533,303.75,41.5324612467,-42.7228939502,0.00710253172783
48.4675387533,309.375,41.5324612467,-41.3556335017,0.00710253172783
48.4675387533,315,41.5324612467,-40.1598188666,0.00710253172783
48.4675387533,320.625,41.5324612467,-39.173895584,0.00710253172783
48.4675387533,326.25,41.5324612467,-38.4130024943,0.00710253172783
48.4675387533,331.875,41.5324612467,-37.8809388396,0.00710253172783
48.4675387533,337.5,41.5324612467,-37.5790162762,0.00710253172783
48.4675387533,343.125,41.5324612467,-37.506090892,0.00710253172783
48.4675387533,348.75,41.5324612467,-37.650445792,0.00710253172783
48.4675387533,354.375,41.5324612467,-37.9815035195,0.00710253172783
42.9303579403,0,47.0696420597,-42.4629048836,0.00646208160991
42.9303579403,5.625,47.0696420597,-42.8844635914,0.00646208160991
42.9303579403,11.25,47.0696420597,-43.3678237312,0.00646208160991
42.9303579403,16.875,47.0696420597,-43.8968601286,0.00646208160991
42.9303579403,22.5,47.0696420597,-44.4701487869,0.00646208160991
42.9303579403,28.125,47.0696420597,-45.0963872652,0.00646208160991
42.9303579403,33.75,47.0696420597,-45.787782184,0.00646208160991
42.9303579403,39.375,47.0696420597,-46.5549107933,0.00646208160991
42.9303579403,45,47.0696420597,-47.4039351327,0.00646208160991
42.9303579403,50.625,47.0696420597,-48.3346933247,0.00646208160991
42.9303579403,56.25,47.0696420597,-49.3380852473,0.00646208160991
42.9303579403,61.875,47.0696420597,-50.3929187932,0.00646208160991
42.9303579403,67.5,47.0696420597,-51.4639980843,0.00646208160991
42.9303579403,73.125,47.0696420597,-52.5031323542,0.00646208160991
42.9303579403,78.75,47.0696420597,-53.4530630512,0.00646208160991
42.9303579403,84.375,47.0696420597,-54.2525954308,0.00646208160991
42.9303579403,90,47.0696420597,-54.8410184802,0.00646208160991
42.9303579403,95.625,47.0696420597,-55.1614280045,0.00646208160991
42.9303579403,101.25,47.0696420597,-55.1645021172,0.00646208160991
42.9303579403,106.875,47.0696420597,-54.8147412066,0.00646208160991
42.9303579403,112.5,47.0696420597,-54.0993383585,0.00646208160991
42.9303579403,118.125,47.0696420597,-53.0368184146,0.00646208160991
42.9303579403,123.75,47.0696420597,-51.6808013153,0.00646208160991
42.9303579403,129.375,47.0696420597,-50.1154921553,0.00646208160991
42.9303579403,135,47.0696420597,-48.4432921848,0.00646208160991
42.9303579403,140.625,47.0696420597,-46.7687453962,0.00646208160991
42.9303579403,146.25,47.0696420597,-45.1843517299,0.00646208160991
42.9303579403,151.875,47.0696420597,-43.7620442184,0.00646208160991
42.9303579403,157.5,47.0696420597,-42.5509801339,0.00646208160991
42.9303579403,163.125,47.0696420597,-41.5799260139,0.00646208160991
42.9303579403,168.75,47.0696420597,-40.8618991082,0.00646208160991
42.9303579403,174.375,47.0696420597,-40.3992937191,0.00646208160991
42.9303579403,180,47.0696420597,-40.1884082902,0.00646208160991
42.9303579403,185.625,47.0696420597,-40.2226344583,0.00646208160991
42.9303579403,191.25,47.0696420597,-40.4938062432,0.00646208160991
42.9303579403,196.875,47.0696420597,-40.9916320267,0.00646208160991
42.9303579403,202.5,47.0696420597,-41.7016731729,0.00646208160991
42.9303579403,208.125,47.0696420597,-42.6027378198,0.00646208160991
42.9303579403,213.75,47.0696420597,-43.6647352187,0.00646208160991
42.9303579403,219.375,47.0696420597,-44.8480228489,0.00646208160991
42.9303579403,225,47.0696420597,-46.1049600298,0.00646208160991
42.9303579403,230.625,47.0696420597,-47.3835198956,0.00646208160991
42.9303579403,236.25,47.0696420597,-48.6315349868,0.00646208160991
42.9303579403,241.875,47.0696420597,-49.7993010674,0.00646208160991
42.9303579403,247.5,47.0696420597,-50.8389151986,0.00646208160991
42.9303579403,253.125,47.0696420597,-51.701068142,0.00646208160991
42.9303579403,258.75,47.0696420597,-52.332677148,0.00646208160991
42.9303579403,264.375,47.0696420597,-52.6795268941,0.00646208160991
42.9303579403,270,47.0696420597,-52.6957540167,0.00646208160991
42.9303579403,275.625,47.0696420597,-52.3576579397,0.00646208160991
42.9303579403,281.25,47.0696420597,-51.6758412403,0.00646208160991
42.9303579403,286.875,47.0696420597,-50.6995907369,0.00646208160991
42.9303579403,292.5,47.0696420597,-49.5108416175,0.00646208160991
42.9303579403,298.125,47.0696420597,-48.2097500071,0.00646208160991
42.9303579403,303.75,47.0696420597,-46.8970691386,0.00646208160991
42.9303579403,309.375,47.0696420597,-45.658935973,0.00646208160991
42.9303579403,315,47.0696420597,-44.557955541,0.00646208160991
42.9303579403,320.625,47.0696420597,-43.6319001116,0.00646208160991
42.9303579403,326.25,47.0696420597,-42.8987227018,0.00646208160991
42.9303579403,331.875,47.0696420597,-42.3643778524,0.00646208160991
42.9303579403,337.5,47.0696420597,-42.0289907289,0.00646208160991
42.9303579403,343.125,47.0696420597,-41.8882519018,0.00646208160991
42.9303579403,348.75,47.0696420597,-41.9304194789,0.00646208160991
42.9303579403,354.375,47.0696420597,-42.1328707961,0.00646208160991
37.3934739657,0,52.6065260343,-45.6077280391,0.00576129740484
37.3934739657,5.625,52.6065260343,-45.9045269156,0.00576129740484
37.3934739657,11.25,52.6065260343,-46.2810730246,0.00576129740484
37.3934739657,16.875,52.6065260343,-46.7259396128,0.00576129740484
37.3934739657,22.5,52.6065260343,-47.2375230943,0.00576129740484
37.3934739657,28.125,52.6065260343,-47.8227824093,0.00576129740484
37.3934739657,33.75,52.6065260343,-48.4934778213,0.00576129740484
37.3934739657,39.375,52.6065260343,-49.2612622071,0.00576129740484
37.3934739657,45,52.6065260343,-50.1327281416,0.00576129740484
37.3934739657,50.625,52.6065260343,-51.1050430226,0.00576129740484
37.3934739657,56.25,52.6065260343,-52.1626516299,0.00576129740484
37.3934739657,61.875,52.6065260343,-53.2756590582,0.00576129740484
37.3934739657,67.5,52.6065260343,-54.400484466,0.00576129740484
37.3934739657,73.125,52.6065260343,-55.4828903057,0.00576129740484
37.3934739657,78.75,52.6065260343,-56.4627296756,0.00576129740484
37.3934739657,84.375,52.6065260343,-57.2792551346,0.00576129740484
37.3934739657,90,52.6065260343,-57.8760065426,0.00576129740484
37.3934739657,95.625,52.6065260343,-58.2050351518,0.00576129740484
37.3934739657,101.25,52.6065260343,-58.2309265284,0.00576129740484
37.3934739657,106.875,52.6065260343,-57.9351108619,0.00576129740484
37.3934739657,112.5,52.6065260343,-57.3201488745,0.00576129740484
37.3934739657,118.125,52.6065260343,-56.4126108172,0.00576129740484
37.3934739657,123.75,52.6065260343,-55.2627273714,0.00576129740484
37.3934739657,129.375,52.6065260343,-53.9397358055,0.00576129740484
37.3934739657,135,52.6065260343,-52.5234866253,0.00576129740484
37.3934739657,140.625,52.6065260343,-51.0944529464,0.00576129740484
37.3934739657,146.25,52.6065260343,-49.7248625639,0.00576129740484
37.3934739657,151.875,52.6065260343,-48.473007026,0.00576129740484
37.3934739657,157.5,52.6065260343,-47.3814003041,0.00576129740484
37.3934739657,163.125,52.6065260343,-46.4781633585,0.00576129740484
37.3934739657,168.75,52.6065260343,-45.7802985307,0.00576129740484
37.3934739657,174.375,52.6065260343,-45.2974041551,0.00576129740484
37.3934739657,180,52.6065260343,-45.0346317115,0.00576129740484
37.3934739657,185.625,52.6065260343,-44.9941199533,0.00576129740484
37.3934739657,191.25,52.6065260343,-45.1746813694,0.00576129740484
37.3934739657,196.875,52.6065260343,-45.5700899459,0.00576129740484
37.3934739657,202.5,52.6065260343,-46.1667749058,0.00576129740484
37.3934739657,208.125,52.6065260343,-46.9419158433,0.00576129740484
37.3934739657,213.75,52.6065260343,-47.8628180463,0.00576129740484
37.3934739657,219.375,52.6065260343,-48.8880723229,0.00576129740484
37.3934739657,225,52.6065260343,-49.9704344763,0.00576129740484
37.3934739657,230.625,52.6065260343,-51.0606834138,0.00576129740484
37.3934739657,236.25,52.6065260343,-52.1111615943,0.00576129740484
37.3934739657,241.875,52.6065260343,-53.0776574211,0.00576129740484
37.3934739657,247.5,52.6065260343,-53.9190601735,0.00576129740484
37.3934739657,253.125,52.6065260343,-54.5956290241,0.00576129740484
37.3934739657,258.75,52.6065260343,-55.0679823733,0.00576129740484
37.3934739657,264.375,52.6065260343,-55.2990515675,0.00576129740484
37.3934739657,270,52.6065260343,-55.2598406342,0.00576129740484
37.3934739657,275.625,52.6065260343,-54.9375271743,0.00576129740484
37.3934739657,281.25,52.6065260343,-54.3426157843,0.00576129740484
37.3934739657,286.875,52.6065260343,-53.511708628,0.00576129740484
37.3934739657,292.5,52.6065260343,-52.5041352488,0.00576129740484
37.3934739657,298.125,52.6065260343,-51.3932133605,0.00576129740484
37.3934739657,303.75,52.6065260343,-50.2549345844,0.00576129740484
37.3934739657,309.375,52.6065260343,-49.1575197902,0.00576129740484
37.3934739657,315,52.6065260343,-48.1545485837,0.00576129740484
37.3934739657,320.625,52.6065260343,-47.2827835554,0.00576129740484
37.3934739657,326.25,52.6065260343,-46.5640494475,0.00576129740484
37.3934739657,331.875,52.6065260343,-46.0091833156,0.00576129740484
37.3934739657,337.5,52.6065260343,-45.6216522482,0.00576129740484
37.3934739657,343.125,52.6065260343,-45.3992068176,0.00576129740484
37.3934739657,348.75,52.6065260343,-45.3335937243,0.00576129740484
37.3934739657,354.375,52.6065260343,-45.409927217,0.00576129740484
31.8570459508,0,58.1429540492,-48.0731765273,0.00500672276019
31.8570459508,5.625,58.1429540492,-48.2693849731,0.00500672276019
31.8570459508,11.25,58.1429540492,-48.559595076,0.00500672276019
31.8570459508,16.875,58.1429540492,-48.9374670406,0.00500672276019
31.8570459508,22.5,58.1429540492,-49.4020846956,0.00500672276019
31.8570459508,28.125,58.1429540492,-49.9575542922,0.00500672276019
31.8570459508,33.75,58.1429540492,-50.6107531201,0.00500672276019
31.8570459508,39.375,58.1429540492,-51.3677075386,0.00500672276019
31.8570459508,45,58.1429540492,-52.2293951396,0.00500672276019
31.8570459508,50.625,58.1429540492,-53.1878736844,0.00500672276019
31.8570459508,56.25,58.1429540492,-54.2235895253,0.00500672276019
31.8570459508,61.875,58.1429540492,-55.3045177402,0.00500672276019
31.8570459508,67.5,58.1429540492,-56.3874217883,0.00500672276019
31.8570459508,73.125,58.1429540492,-57.4210446757,0.00500672276019
31.8570459508,78.75,58.1429540492,-58.3506114169,0.00500672276019
31.8570459508,84.375,58.1429540492,-59.1228176568,0.00500672276019
31.8570459508,90,58.1429540492,-59.6905814746,0.00500672276019
31.8570459508,95.625,58.1429540492,-60.0171432326,0.00500672276019
31.8570459508,101.25,58.1429540492,-60.0793829596,0.00500672276019
31.8570459508,106.875,58.1429540492,-59.8702888127,0.00500672276019
31.8570459508,112.5,58.1429540492,-59.4003395105,0.00500672276019
31.8570459508,118.125,58.1429540492,-58.6973521141,0.00500672276019
31.8570459508,123.75,58.1429540492,-57.8043603653,0.00500672276019
31.8570459508,129.375,58.1429540492,-56.7754609233,0.00500672276019
31.8570459508,135,58.1429540492,-55.6701749165,0.00500672276019
31.8570459508,140.625,58.1429540492,-54.5474108666,0.00500672276019
31.8570459508,146.25,58.1429540492,-53.4602875904,0.00500672276019
31.8570459508,151.875,58.1429540492,-52.452789565,0.00500672276019
31.8570459508,157.5,58.1429540492,-51.5586281156,0.00500672276019
31.8570459508,163.125,58.1429540492,-50.8020347951,0.00500672276019
31.8570459508,168.75,58.1429540492,-50.199744035,0.00500672276019
31.8570459508,174.375,58.1429540492,-49.7632338825,0.00500672276019
31.8570459508,180,58.1429540492,-49.500383013,0.00500672276019
31.8570459508,185.625,58.1429540492,-49.4160095904,0.00500672276019
31.8570459508,191.25,58.1429540492,-49.5111927032,0.00500672276019
31.8570459508,196.875,58.1429540492,-49.7817210409,0.00500672276019
31.8570459508,202.5,58.1429540492,-50.2163345741,0.00500672276019
31.8570459508,208.125,58.1429540492,-50.7955218324,0.00500672276019
31.8570459508,213.75,58.1429540492,-51.4914769316,0.00500672276019
31.8570459508,219.375,58.1429540492,-52.2694535411,0.00500672276019
31.8570459508,225,58.1429540492,-53.0902834658,0.00500672276019
31.8570459508,230.625,58.1429540492,-53.9134028362,0.00500672276019
31.8570459508,236.25,58.1429540492,-54.6995205487,0.00500672276019
31.8570459508,241.875,58.1429540492,-55.4122157683,0.00500672276019
31.8570459508,247.5,58.1429540492,-56.0182816495,0.00500672276019
31.8570459508,253.125,58.1429540492,-56.487345633,0.00500672276019
31.8570459508,258.75,58.1429540492,-56.791816543,0.00500672276019
31.8570459508,264.375,58.1429540492,-56.9081730197,0.00500672276019
31.8570459508,270,58.1429540492,-56.8199261311,0.00500672276019
31.8570459508,275.625,58.1429540492,-56.5215669968,0.00500672276019
31.8570459508,281.25,58.1429540492,-56.0220085582,0.00500672276019
31.8570459508,286.875,58.1429540492,-55.3459251333,0.00500672276019
31.8570459508,292.5,58.1429540492,-54.5320728388,0.00500672276019
31.8570459508,298.125,58.1429540492,-53.6287927506,0.00500672276019
31.8570459508,303.75,58.1429540492,-52.6879055835,0.00500672276019
31.8570459508,309.375,58.1429540492,-51.7586664527,0.00500672276019
31.8570459508,315,58.1429540492,-50.8832364682,0.00500672276019
31.8570459508,320.625,58.1429540492,-50.0944189738,0.00500672276019
31.8570459508,326.25,58.1429540492,-49.4155379313,0.00500672276019
31.8570459508,331.875,58.1429540492,-48.8616564943,0.00500672276019
31.8570459508,337.5,58.1429540492,-48.4411036336,0.00500672276019
31.8570459508,343.125,58.1429540492,-48.1565666952,0.00500672276019
31.8570459508,348.75,58.1429540492,-48.0056410541,0.00500672276019
31.8570459508,354.375,58.1429540492,-47.9813293321,0.00500672276019
26.3213644389,0,63.6786355611,-50.0544316332,0.00420540445427
26.3213644389,5.625,63.6786355611,-50.1829712018,0.00420540445427
26.3213644389,11.25,63.6786355611,-50.4102433918,0.00420540445427
26.3213644389,16.875,63.6786355611,-50.7336679967,0.00420540445427
26.3213644389,22.5,63.6786355611,-51.1524639499,0.00420540445427
26.3213644389,28.125,63.6786355611,-51.6673167883,0.00420540445427
26.3213644389,33.75,63.6786355611,-52.2790453808,0.00420540445427
26.3213644389,39.375,63.6786355611,-52.9864646344,0.00420540445427
26.3213644389,45,63.6786355611,-53.7838873866,0.00420540445427
26.3213644389,50.625,63.6786355611,-54.6588490051,0.00420540445427
26.3213644389,56.25,63.6786355611,-55.5906360715,0.00420540445427
26.3213644389,61.875,63.6786355611,-56.5500534992,0.00420540445427
26.3213644389,67.5,63.6786355611,-57.5006065731,0.00420540445427
26.3213644389,73.125,63.6786355611,-58.4009745555,0.00420540445427
26.3213644389,78.75,63.6786355611,-59.2083971027,0.00420540445427
26.3213644389,84.375,63.6786355611,-59.8824545247,0.00420540445427
26.3213644389,90,63.6786355611,-60.3887201995,0.00420540445427
26.3213644389,95.625,63.6786355611,-60.7018628047,0.00420540445427
26.3213644389,101.25,63.6786355611,-60.8079083229,0.00420540445427
26.3213644389,106.875,63.6786355611,-60.7054784937,0.00420540445427
26.3213644389,112.5,63.6786355611,-60.4058909269,0.00420540445427
26.3213644389,118.125,63.6786355611,-59.9320712917,0.00420540445427
26.3213644389,123.75,63.6786355611,-59.3163379181,0.00420540445427
26.3213644389,129.375,63.6786355611,-58.5972894103,0.00420540445427
26.3213644389,135,63.6786355611,-57.8162162026,0.00420540445427
26.3213644389,140.625,63.6786355611,-57.0135882116,0.00420540445427
26.3213644389,146.25,63.6786355611,-56.2261708603,0.00420540445427
26.3213644389,151.875,63.6786355611,-55.4851693433,0.00420540445427
26.3213644389,157.5,63.6786355611,-54.8155380234,0.00420540445427
26.3213644389,163.125,63.6786355611,-54.2363020652,0.00420540445427
26.3213644389,168.75,63.6786355611,-53.7615098385,0.00420540445427
26.3213644389,174.375,63.6786355611,-53.4013289163,0.00420540445427
26.3213644389,180,63.6786355611,-53.1628374115,0.00420540445427
26.3213644389,185.625,63.6786355611,-53.0502277654,0.00420540445427
26.3213644389,191.25,63.6786355611,-53.064380581,0.00420540445427
26.3213644389,196.875,63.6786355611,-53.2020090727,0.00420540445427
26.3213644389,202.5,63.6786355611,-53.4547451591,0.00420540445427
26.3213644389,208.125,63.6786355611,-53.8085816445,0.00420540445427
26.3213644389,213.75,63.6786355611,-54.2439863235,0.00420540445427
26.3213644389,219.375,63.6786355611,-54.7367944283,0.00420540445427
26.3213644389,225,63.6786355611,-55.2597355028,0.00420540445427
26.3213644389,230.625,63.6786355611,-55.7842489748,0.00420540445427
26.3213644389,236.25,63.6786355611,-56.2821706786,0.00420540445427
26.3213644389,241.875,63.6786355611,-56.7269707256,0.00420540445427
26.3213644389,247.5,63.6786355611,-57.0944629025,0.00420540445427
26.3213644389,253.125,63.6786355611,-57.3631853643,0.00420540445427
26.3213644389,258.75,63.6786355611,-57.5148318218,0.00420540445427
26.3213644389,264.375,63.6786355611,-57.5350830792,0.00420540445427
26.3213644389,270,63.6786355611,-57.4149417703,0.00420540445427
26.3213644389,275.625,63.6786355611,-57.152319963,0.00420540445427
26.3213644389,281.25,63.6786355611,-56.7533510464,0.00420540445427
26.3213644389,286.875,63.6786355611,-56.2328465695,0.00420540445427
26.3213644389,292.5,63.6786355611,-55.6135337029,0.00420540445427
26.3213644389,298.125,63.6786355611,-54.924093986,0.00420540445427
26.3213644389,303.75,63.6786355611,-54.19640511,0.00420540445427
26.3213644389,309.375,63.6786355611,-53.4626050068,0.00420540445427
26.3213644389,315,63.6786355611,-52.7525789888,0.00420540445427
26.3213644389,320.625,63.6786355611,-52.0922510953,0.00420540445427
26.3213644389,326.25,63.6786355611,-51.5027526442,0.00420540445427
26.3213644389,331.875,63.6786355611,-51.0002787757,0.00420540445427
26.3213644389,337.5,63.6786355611,-50.5963277036,0.00420540445427
26.3213644389,343.125,63.6786355611,-50.2980733198,0.00420540445427
26.3213644389,348.75,63.6786355611,-50.1087909447,0.00420540445427
26.3213644389,354.375,63.6786355611,-50.0284235605,0.00420540445427
20.7870238306,0,69.2129761694,-51.7277718261,0.00336482862305
20.7870238306,5.625,69.2129761694,-51.8230069837,0.00336482862305
20.7870238306,11.25,69.2129761694,-52.0074182029,0.00336482862305
20.7870238306,16.875,69.2129761694,-52.2802525853,0.00336482862305
20.7870238306,22.5,69.2129761694,-52.6402236676,0.00336482862305
20.7870238306,28.125,69.2129761694,-53.0852269317,0.00336482862305
20.7870238306,33.75,69.2129761694,-53.6116819678,0.00336482862305
20.7870238306,39.375,69.2129761694,-54.2135980123,0.00336482862305
20.7870238306,45,69.2129761694,-54.8815594375,0.00336482862305
20.7870238306,50.625,69.2129761694,-55.6018875102,0.00336482862305
20.7870238306,56.25,69.2129761694,-56.3562339587,0.00336482862305
20.7870238306,61.875,69.2129761694,-57.1217971911,0.00336482862305
20.7870238306,67.5,69.2129761694,-57.8722381692,0.00336482862305
20.7870238306,73.125,69.2129761694,-58.5792386109,0.00336482862305
20.7870238306,78.75,69.2129761694,-59.2145228089,0.00336482862305
20.7870238306,84.375,69.2129761694,-59.7520832471,0.00336482862305
20.7870238306,90,69.2129761694,-60.1703223608,0.00336482862305
20.7870238306,95.625,69.2129761694,-60.4538450055,0.00336482862305
20.7870238306,101.25,69.2129761694,-60.5946940695,0.00336482862305
20.7870238306,106.875,69.2129761694,-60.5928983975,0.00336482862305
20.7870238306,112.5,69.2129761694,-60.456285691,0.00336482862305
20.7870238306,118.125,69.2129761694,-60.1995975839,0.00336482862305
20.7870238306,123.75,69.2129761694,-59.8430262632,0.00336482862305
20.7870238306,129.375,69.2129761694,-59.4103650985,0.00336482862305
20.7870238306,135,69.2129761694,-58.9270171835,0.00336482862305
20.7870238306,140.625,69.2129761694,-58.4181203685,0.00336482862305
20.7870238306,146.25,69.2129761694,-57.9070149944,0.00336482862305
20.7870238306,151.875,69.2129761694,-57.4142027229,0.00336482862305
20.7870238306,157.5,69.2129761694,-56.9568373257,0.00336482862305
20.7870238306,163.125,69.2129761694,-56.5486770691,0.00336482862305
20.7870238306,168.75,69.2129761694,-56.2003417429,0.00336482862305
20.7870238306,174.375,69.2129761694,-55.9196772826,0.00336482862305
20.7870238306,180,69.2129761694,-55.7120463578,0.00336482862305
20.7870238306,185.625,69.2129761694,-55.5804278093,0.00336482862305
20.7870238306,191.25,69.2129761694,-55.5253012356,0.00336482862305
20.7870238306,196.875,69.2129761694,-55.5443868477,0.00336482862305
20.7870238306,202.5,69.2129761694,-55.6323763504,0.00336482862305
20.7870238306,208.125,69.2129761694,-55.7808081984,0.00336482862305
20.7870238306,213.75,69.2129761694,-55.9782055985,0.00336482862305
20.7870238306,219.375,69.2129761694,-56.2105210033,0.00336482862305
20.7870238306,225,69.2129761694,-56.4618431825,0.00336482862305
20.7870238306,230.625,69.2129761694,-56.7152539585,0.00336482862305
20.7870238306,236.25,69.2129761694,-56.953696661,0.00336482862305
20.7870238306,241.875,69.2129761694,-57.1607459442,0.00336482862305
20.7870238306,247.5,69.2129761694,-57.3212356522,0.00336482862305
20.7870238306,253.125,69.2129761694,-57.421776665,0.00336482862305
20.7870238306,258.75,69.2129761694,-57.4512434432,0.00336482862305
20.7870238306,264.375,69.2129761694,-57.4013015129,0.00336482862305
20.7870238306,270,69.2129761694,-57.2669889451,0.00336482862305
20.7870238306,275.625,69.2129761694,-57.0472805593,0.00336482862305
20.7870238306,281.25,69.2129761694,-56.7454962965,0.00336482862305
20.7870238306,286.875,69.2129761694,-56.3694008671,0.00336482862305
20.7870238306,292.5,69.2129761694,-55.9308919176,0.00336482862305
20.7870238306,298.125,69.2129761694,-55.445270241,0.00336482862305
20.7870238306,303.75,69.2129761694,-54.9301893893,0.00336482862305
20.7870238306,309.375,69.2129761694,-54.4044535074,0.00336482862305
20.7870238306,315,69.2129761694,-53.8868478594,0.00336482862305
20.7870238306,320.625,69.2129761694,-53.3951479059,0.00336482862305
20.7870238306,326.25,69.2129761694,-52.9453828245,0.00336482862305
20.7870238306,331.875,69.2129761694,-52.5513599495,0.00336482862305
20.7870238306,337.5,69.2129761694,-52.2244136026,0.00336482862305
20.7870238306,343.125,69.2129761694,-51.973334128,0.00336482862305
20.7870238306,348.75,69.2129761694,-51.8044500718,0.00336482862305
20.7870238306,354.375,69.2129761694,-51.7218553597,0.00336482862305
15.2554596314,0,74.7445403686,-53.2140671047,0.00249286018235
15.2554596314,5.625,74.7445403686,-53.2992659379,0.00249286018235
15.2554596314,11.25,74.7445403686,-53.4502355194,0.00249286018235
15.2554596314,16.875,74.7445403686,-53.6664998539,0.00249286018235
15.2554596314,22.5,74.7445403686,-53.9462859174,0.00249286018235
15.2554596314,28.125,74.7445403686,-54.2863834372,0.00249286018235
15.2554596314,33.75,74.7445403686,-54.6819421575,0.00249286018235
15.2554596314,39.375,74.7445403686,-55.126245891,0.00249286018235
15.2554596314,45,74.7445403686,-55.6105253529,0.00249286018235
15.2554596314,50.625,74.7445403686,-56.1238831359,0.00249286018235
15.2554596314,56.25,74.7445403686,-56.6533994914,0.00249286018235
15.2554596314,61.875,74.7445403686,-57.1844660538,0.00249286018235
15.2554596314,67.5,74.7445403686,-57.7013598815,0.00249286018235
15.2554596314,73.125,74.7445403686,-58.1880292535,0.00249286018235
15.2554596314,78.75,74.7445403686,-58.6290240921,0.00249286018235
15.2554596314,84.375,74.7445403686,-59.0104755094,0.00249286018235
15.2554596314,90,74.7445403686,-59.3210159728,0.00249286018235
15.2554596314,95.625,74.7445403686,-59.552535655,0.00249286018235
15.2554596314,101.25,74.7445403686,-59.7006900716,0.00249286018235
15.2554596314,106.875,74.7445403686,-59.7651051859,0.00249286018235
15.2554596314,112.5,74.7445403686,-59.7492636693,0.00249286018235
15.2554596314,118.125,74.7445403686,-59.6600945731,0.00249286018235
15.2554596314,123.75,74.7445403686,-59.5073231681,0.00249286018235
15.2554596314,129.375,74.7445403686,-59.3026635126,0.00249286018235
15.2554596314,135,74.7445403686,-59.0589497329,0.00249286018235
15.2554596314,140.625,74.7445403686,-58.7893008706,0.00249286018235
15.2554596314,146.25,74.7445403686,-58.5063985916,0.00249286018235
15.2554596314,151.875,74.7445403686,-58.2219298939,0.00249286018235
15.2554596314,157.5,74.7445403686,-57.9462135559,0.00249286018235
15.2554596314,163.125,74.7445403686,-57.6879963289,0.00249286018235
15.2554596314,168.75,74.7445403686,-57.4543796242,0.00249286018235
15.2554596314,174.375,74.7445403686,-57.2508247255,0.00249286018235
15.2554596314,180,74.7445403686,-57.0811862571,0.00249286018235
15.2554596314,185.625,74.7445403686,-56.9477379769,0.00249286018235
15.2554596314,191.25,74.7445403686,-56.8511769136,0.00249286018235
15.2554596314,196.875,74.7445403686,-56.7906146119,0.00249286018235
15.2554596314,202.5,74.7445403686,-56.7635810829,0.00249286018235
15.2554596314,208.125,74.7445403686,-56.7660734204,0.00249286018235
15.2554596314,213.75,74.7445403686,-56.7926758073,0.00249286018235
15.2554596314,219.375,74.7445403686,-56.8367634355,0.00249286018235
15.2554596314,225,74.7445403686,-56.8907850911,0.00249286018235
15.2554596314,230.625,74.7445403686,-56.9466040451,0.00249286018235
15.2554596314,236.25,74.7445403686,-56.9958692556,0.00249286018235
15.2554596314,241.875,74.7445403686,-57.030390332,0.00249286018235
15.2554596314,247.5,74.7445403686,-57.042498094,0.00249286018235
15.2554596314,253.125,74.7445403686,-57.0253829269,0.00249286018235
15.2554596314,258.75,74.7445403686,-56.9734099763,0.00249286018235
15.2554596314,264.375,74.7445403686,-56.8824099422,0.00249286018235
15.2554596314,270,74.7445403686,-56.7499368943,0.00249286018235
15.2554596314,275.625,74.7445403686,-56.5754739358,0.00249286018235
15.2554596314,281.25,74.7445403686,-56.3605594539,0.00249286018235
15.2554596314,286.875,74.7445403686,-56.1088062213,0.00249286018235
15.2554596314,292.5,74.7445403686,-55.8257947603,0.00249286018235
15.2554596314,298.125,74.7445403686,-55.5188391716,0.00249286018235
15.2554596314,303.75,74.7445403686,-55.1966429841,0.00249286018235
15.2554596314,309.375,74.7445403686,-54.8688785801,0.00249286018235
15.2554596314,315,74.7445403686,-54.5457320571,0.00249286018235
15.2554596314,320.625,74.7445403686,-54.2374547923,0.00249286018235
15.2554596314,326.25,74.7445403686,-53.9539553744,0.00249286018235
15.2554596314,331.875,74.7445403686,-53.7044546857,0.00249286018235
15.2554596314,337.5,74.7445403686,-53.4972163353,0.00249286018235
15.2554596314,343.125,74.7445403686,-53.3393562988,0.00249286018235
15.2554596314,348.75,74.7445403686,-53.2367292788,0.00249286018235
15.2554596314,354.375,74.7445403686,-53.1938833251,0.00249286018235
9.73122092775,0,80.2687790722,-54.5588356236,0.00159773496651
9.73122092775,5.625,80.2687790722,-54.63384665,0.00159773496651
9.73122092775,11.25,80.2687790722,-54.7448027571,0.00159773496651
9.73122092775,16.875,80.2687790722,-54.8910099834,0.00159773496651
9.73122092775,22.5,80.2687790722,-55.0708757862,0.00159773496651
9.73122092775,28.125,80.2687790722,-55.2818880088,0.00159773496651
9.73122092775,33.75,80.2687790722,-55.520611072,0.00159773496651
9.73122092775,39.375,80.2687790722,-55.7827073975,0.00159773496651
9.73122092775,45,80.2687790722,-56.0629934958,0.00159773496651
9.73122092775,50.625,80.2687790722,-56.3555397185,0.00159773496651
9.73122092775,56.25,80.2687790722,-56.6538200142,0.00159773496651
9.73122092775,61.875,80.2687790722,-56.9509132458,0.00159773496651
9.73122092775,67.5,80.2687790722,-57.2397513056,0.00159773496651
9.73122092775,73.125,80.2687790722,-57.5134023941,0.00159773496651
9.73122092775,78.75,80.2687790722,-57.7653716002,0.00159773496651
9.73122092775,84.375,80.2687790722,-57.9898964725,0.00159773496651
9.73122092775,90,80.2687790722,-58.1822134822,0.00159773496651
9.73122092775,95.625,80.2687790722,-58.3387725612,0.00159773496651
9.73122092775,101.25,80.2687790722,-58.4573811687,0.00159773496651
9.73122092775,106.875,80.2687790722,-58.5372660197,0.00159773496651
9.73122092775,112.5,80.2687790722,-58.5790487564,0.00159773496651
9.73122092775,118.125,80.2687790722,-58.5846403062,0.00159773496651
9.73122092775,123.75,80.2687790722,-58.5570662862,0.00159773496651
9.73122092775,129.375,80.2687790722,-58.5002415704,0.00159773496651
9.73122092775,135,80.2687790722,-58.4187153361,0.00159773496651
9.73122092775,140.625,80.2687790722,-58.3174082639,0.00159773496651
9.73122092775,146.25,80.2687790722,-58.2013612557,0.00159773496651
9.73122092775,151.875,80.2687790722,-58.07551065,0.00159773496651
9.73122092775,157.5,80.2687790722,-57.9444993599,0.00159773496651
9.73122092775,163.125,80.2687790722,-57.8125276814,0.00159773496651
9.73122092775,168.75,80.2687790722,-57.6832426824,0.00159773496651
9.73122092775,174.375,80.2687790722,-57.5596618094,0.00159773496651
9.73122092775,180,80.2687790722,-57.4441249328,0.00159773496651
9.73122092775,185.625,80.2687790722,-57.3382693798,0.00159773496651
9.73122092775,191.25,80.2687790722,-57.2430240647,0.00159773496651
9.73122092775,196.875,80.2687790722,-57.1586209055,0.00159773496651
9.73122092775,202.5,80.2687790722,-57.0846235722,0.00159773496651
9.73122092775,208.125,80.2687790722,-57.0199746906,0.00159773496651
9.73122092775,213.75,80.2687790722,-56.9630626734,0.00159773496651
9.73122092775,219.375,80.2687790722,-56.911808453,0.00159773496651
9.73122092775,225,80.2687790722,-56.8637709038,0.00159773496651
9.73122092775,230.625,80.2687790722,-56.816268128,0.00159773496651
9.73122092775,236.25,80.2687790722,-56.766510454,0.00159773496651
9.73122092775,241.875,80.2687790722,-56.711740181,0.00159773496651
9.73122092775,247.5,80.2687790722,-56.6493727961,0.00159773496651
9.73122092775,253.125,80.2687790722,-56.5771344001,0.00159773496651
9.73122092775,258.75,80.2687790722,-56.4931901589,0.00159773496651
9.73122092775,264.375,80.2687790722,-56.3962585901,0.00159773496651
9.73122092775,270,80.2687790722,-56.285706399,0.00159773496651
9.73122092775,275.625,80.2687790722,-56.1616185883,0.00159773496651
9.73122092775,281.25,80.2687790722,-56.0248389657,0.00159773496651
9.73122092775,286.875,80.2687790722,-55.8769772105,0.00159773496651
9.73122092775,292.5,80.2687790722,-55.7203804247,0.00159773496651
9.73122092775,298.125,80.2687790722,-55.5580694504,0.00159773496651
9.73122092775,303.75,80.2687790722,-55.3936428469,0.00159773496651
9.73122092775,309.375,80.2687790722,-55.2311538528,0.00159773496651
9.73122092775,315,80.2687790722,-55.074967518,0.00159773496651
9.73122092775,320.625,80.2687790722,-54.9296062003,0.00159773496651
9.73122092775,326.25,80.2687790722,-54.7995917137,0.00159773496651
9.73122092775,331.875,80.2687790722,-54.6892916775,0.00159773496651
9.73122092775,337.5,80.2687790722,-54.6027762325,0.00159773496651
9.73122092775,343.125,80.2687790722,-54.5436895032,0.00159773496651
9.73122092775,348.75,80.2687790722,-54.5151382109,0.00159773496651
9.73122092775,354.375,80.2687790722,-54.5195979058,0.00159773496651
4.23941287956,0,85.7605871204,-55.7406217038,0.00068905042638
4.23941287956,5.625,85.7605871204,-55.7834309497,0.00068905042638
4.23941287956,11.25,85.7605871204,-55.8370281423,0.00068905042638
4.23941287956,16.875,85.7605871204,-55.9009230357,0.00068905042638
4.23941287956,22.5,85.7605871204,-55.9743914349,0.00068905042638
4.23941287956,28.125,85.7605871204,-56.0564831205,0.00068905042638
4.23941287956,33.75,85.7605871204,-56.1460369575,0.00068905042638
4.23941287956,39.375,85.7605871204,-56.241703195,0.00068905042638
4.23941287956,45,85.7605871204,-56.3419727072,0.00068905042638
4.23941287956,50.625,85.7605871204,-56.4452126244,0.00068905042638
4.23941287956,56.25,85.7605871204,-56.5497074559,0.00068905042638
4.23941287956,61.875,85.7605871204,-56.6537044519,0.00068905042638
4.23941287956,67.5,85.7605871204,-56.7554616067,0.00068905042638
4.23941287956,73.125,85.7605871204,-56.8532964196,0.00068905042638
4.23941287956,78.75,85.7605871204,-56.9456333367,0.00068905042638
4.23941287956,84.375,85.7605871204,-57.0310477293,0.00068905042638
4.23941287956,90,85.7605871204,-57.1083043452,0.00068905042638
4.23941287956,95.625,85.7605871204,-57.1763884061,0.00068905042638
4.23941287956,101.25,85.7605871204,-57.2345279031,0.00068905042638
4.23941287956,106.875,85.7605871204,-57.2822061358,0.00068905042638
4.23941287956,112.5,85.7605871204,-57.3191641088,0.00068905042638
4.23941287956,118.125,85.7605871204,-57.3453929883,0.00068905042638
4.23941287956,123.75,85.7605871204,-57.3611173798,0.00068905042638
4.23941287956,129.375,85.7605871204,-57.3667706694,0.00068905042638
4.23941287956,135,85.7605871204,-57.3629640358,0.00068905042638
4.23941287956,140.625,85.7605871204,-57.3504509687,0.00068905042638
4.23941287956,146.25,85.7605871204,-57.3300892128,0.00068905042638
4.23941287956,151.875,85.7605871204,-57.3028020121,0.00068905042638
4.23941287956,157.5,85.7605871204,-57.2695403699,0.00068905042638
4.23941287956,163.125,85.7605871204,-57.2312478059,0.00068905042638
4.23941287956,168.75,85.7605871204,-57.1888288164,0.00068905042638
4.23941287956,174.375,85.7605871204,-57.1431219465,0.00068905042638
4.23941287956,180,85.7605871204,-57.0948781093,0.00068905042638
4.23941287956,185.625,85.7605871204,-57.0447445322,0.00068905042638
4.23941287956,191.25,85.7605871204,-56.9932544929,0.00068905042638
4.23941287956,196.875,85.7605871204,-56.9408228262,0.00068905042638
4.23941287956,202.5,85.7605871204,-56.8877470222,0.00068905042638
4.23941287956,208.125,85.7605871204,-56.8342136036,0.00068905042638
4.23941287956,213.75,85.7605871204,-56.7803093364,0.00068905042638
4.23941287956,219.375,85.7605871204,-56.7260367172,0.00068905042638
4.23941287956,225,85.7605871204,-56.6713330568,0.00068905042638
4.23941287956,230.625,85.7605871204,-56.6160923791,0.00068905042638
4.23941287956,236.25,85.7605871204,-56.5601892555,0.00068905042638
4.23941287956,241.875,85.7605871204,-56.5035036187,0.00068905042638
4.23941287956,247.5,85.7605871204,-56.4459455465,0.00068905042638
4.23941287956,253.125,85.7605871204,-56.3874789835,0.00068905042638
4.23941287956,258.75,85.7605871204,-56.3281433803,0.00068905042638
4.23941287956,264.375,85.7605871204,-56.2680722801,0.00068905042638
4.23941287956,270,85.7605871204,-56.2075079739,0.00068905042638
4.23941287956,275.625,85.7605871204,-56.1468114748,0.00068905042638
4.23941287956,281.25,85.7605871204,-56.0864672339,0.00068905042638
4.23941287956,286.875,85.7605871204,-56.0270822198,0.00068905042638
4.23941287956,292.5,85.7605871204,-55.9693792116,0.00068905042638
4.23941287956,298.125,85.7605871204,-55.9141843965,0.00068905042638
4.23941287956,303.75,85.7605871204,-55.8624096021,0.00068905042638
4.23941287956,309.375,85.7605871204,-55.8150297202,0.00068905042638
4.23941287956,315,85.7605871204,-55.7730560792,0.00068905042638
4.23941287956,320.625,85.7605871204,-55.7375066788,0.00068905042638
4.23941287956,326.25,85.7605871204,-55.7093743187,0.00068905042638
4.23941287956,331.875,85.7605871204,-55.6895937142,0.00068905042638
4.23941287956,337.5,85.7605871204,-55.6790087115,0.00068905042638
4.23941287956,343.125,85.7605871204,-55.6783406917,0.00068905042638
4.23941287956,348.75,85.7605871204,-55.688159199,0.00068905042638
4.23941287956,354.375,85.7605871204,-55.7088557512,0.00068905042638
